<step title="BackgroundTrace" date="2026-02-02T15:28:41.557" instance="5caa8b" url="/api/zipdeploy" method="POST" >
  <step title="Updating shutdown sentinel last write time" date="2026-02-02T15:28:41.634" SemaphoreCount="7" /><!-- duration: 0ms -->
  <step title="LockFile &apos;C:\home\site\locks\deployments.lock&apos; acquired" date="2026-02-02T15:28:41.634" /><!-- duration: 0ms -->
  <step title="Creating temporary deployment" date="2026-02-02T15:28:41.634" /><!-- duration: 94ms -->
  <step title="Performing fetch based deployment" date="2026-02-02T15:28:41.744" >
    <step title="Fetching changes." date="2026-02-02T15:28:41.837" /><!-- duration: 0ms -->
    <step title="Starting LocalZipHandler" date="2026-02-02T15:28:41.853" /><!-- duration: 0ms -->
    <step title="Cleaning up temp folders from previous zip deployments and extracting pushed zip file C:\local\Temp\zipdeploy\3k1vo5bo.zip (8.06 MB) to C:\local\Temp\zipdeploy\extracted" date="2026-02-02T15:28:41.884" /><!-- duration: 0ms -->
    <step title="Cleaning up temp folders from previous zip deployments and extracting pushed zip file C:\local\Temp\zipdeploy\3k1vo5bo.zip (8.06 MB) to C:\local\Temp\zipdeploy\extracted" date="2026-02-02T15:28:41.884" >
      <step title="Extracting 76 entries to C:\local\Temp\zipdeploy\extracted directory" date="2026-02-02T15:28:42.384" >
        <step title="Extracting to C:\local\Temp\zipdeploy\extracted\Azure.Core.dll ..." date="2026-02-02T15:28:42.397" /><!-- duration: 48ms -->
        <step title="Extracting to C:\local\Temp\zipdeploy\extracted\Azure.Identity.dll ..." date="2026-02-02T15:28:42.444" /><!-- duration: 31ms -->
        <step title="Extracting to C:\local\Temp\zipdeploy\extracted\BCrypt.Net-Next.dll ..." date="2026-02-02T15:28:42.475" /><!-- duration: 0ms -->
        <step title="Extracting to C:\local\Temp\zipdeploy\extracted\Microsoft.AspNetCore.Authentication.JwtBearer.dll ..." date="2026-02-02T15:28:42.475" /><!-- duration: 16ms -->
        <step title="Extracting to C:\local\Temp\zipdeploy\extracted\Microsoft.Bcl.AsyncInterfaces.dll ..." date="2026-02-02T15:28:42.490" /><!-- duration: 34ms -->
        <step title="Omitting extracting file traces ..." date="2026-02-02T15:28:42.524" /><!-- duration: 30ms -->
        <step title="Extracting to C:\local\Temp\zipdeploy\extracted\wwwroot\img\vehiculos\1\panel.jpg ..." date="2026-02-02T15:28:43.538" /><!-- duration: 20ms -->
        <step title="Extracting to C:\local\Temp\zipdeploy\extracted\wwwroot\img\vehiculos\2\lateral.jpg ..." date="2026-02-02T15:28:43.558" /><!-- duration: 11ms -->
        <step title="Extracting to C:\local\Temp\zipdeploy\extracted\wwwroot\img\vehiculos\3\panel.jpg ..." date="2026-02-02T15:28:43.569" /><!-- duration: 0ms -->
        <step title="Extracting to C:\local\Temp\zipdeploy\extracted\zh-Hans\Microsoft.Data.SqlClient.resources.dll ..." date="2026-02-02T15:28:43.584" /><!-- duration: 0ms -->
        <step title="Extracting to C:\local\Temp\zipdeploy\extracted\zh-Hant\Microsoft.Data.SqlClient.resources.dll ..." date="2026-02-02T15:28:43.600" /><!-- duration: 18ms -->
      </step><!-- duration: 1234ms -->
    </step><!-- duration: 1747ms -->
    <step title="Before sending BuildRequestReceived status to /api/updatedeploystatus" date="2026-02-02T15:28:43.631" /><!-- duration: 0ms -->
    <step title="DeploymentManager.Deploy(id:54e4c47508784f0f82d92357a22b3eb9)" date="2026-02-02T15:28:43.649" >
      <step title="Collecting changeset information" date="2026-02-02T15:28:43.649" /><!-- duration: 45ms -->
      <step title="Updating submodules" date="2026-02-02T15:28:43.694" >
        <step title="Updating submodules." date="2026-02-02T15:28:43.725" /><!-- duration: 0ms -->
      </step><!-- duration: 31ms -->
      <step title="Preparing deployment for commit id &apos;54e4c47508&apos;." date="2026-02-02T15:28:43.787" /><!-- duration: 0ms -->
      <step title="Determining deployment builder" date="2026-02-02T15:28:43.819" >
        <step title="Builder is BasicBuilder" date="2026-02-02T15:28:43.819" /><!-- duration: 16ms -->
      </step><!-- duration: 16ms -->
      <step title="Copying SSH keys" date="2026-02-02T15:28:43.865" /><!-- duration: 17ms -->
      <step title="Building" date="2026-02-02T15:28:43.882" >
        <step title="Generating deployment script." date="2026-02-02T15:28:43.928" /><!-- duration: 0ms -->
        <step title="Generating deployment script" date="2026-02-02T15:28:43.928" >
          <step title="Using the following command to generate deployment script: &apos;azure site deploymentscript -y --no-dot-deployment -r &quot;C:\local\Temp\zipdeploy\extracted&quot; -o &quot;C:\home\site\deployments\tools&quot; --basic --sitePath &quot;C:\local\Temp\zipdeploy\extracted&quot;&apos;." date="2026-02-02T15:28:43.975" /><!-- duration: 16ms -->
          <step title="Executing external process" date="2026-02-02T15:28:43.990" type="process" path="starter.cmd" arguments="&quot;C:\Program Files (x86)\SiteExtensions\Kudu\2025.11.1.1\bin\node_modules\.bin\kuduscript.cmd&quot; -y --no-dot-deployment -r &quot;C:\local\Temp\zipdeploy\extracted&quot; -o &quot;C:\home\site\deployments\tools&quot; --basic --sitePath &quot;C:\local\Temp\zipdeploy\extracted&quot;" >
            <step title="Generating deployment script for Web Site" date="2026-02-02T15:28:44.964" /><!-- duration: 0ms -->
            <step title="Generated deployment script files" date="2026-02-02T15:28:44.975" /><!-- duration: 19ms -->
          </step><!-- duration: 1094ms -->
          <step title="Saved cached version of the deployment script for command -y --no-dot-deployment -r &quot;C:\local\Temp\zipdeploy\extracted&quot; -o &quot;C:\home\site\deployments\tools&quot; --basic --sitePath &quot;C:\local\Temp\zipdeploy\extracted&quot;" date="2026-02-02T15:28:45.195" /><!-- duration: 30ms -->
        </step><!-- duration: 1317ms -->
        <step title="Running deployment command..." date="2026-02-02T15:28:45.319" /><!-- duration: 0ms -->
        <step title="Command: &quot;C:\home\site\deployments\tools\deploy.cmd&quot;" date="2026-02-02T15:28:45.319" /><!-- duration: 0ms -->
        <step title="Executing external process" date="2026-02-02T15:28:45.334" type="process" path="starter.cmd" arguments="&quot;C:\home\site\deployments\tools\deploy.cmd&quot;" >
          <step title="Handling Basic Web Site deployment." date="2026-02-02T15:28:55.209" /><!-- duration: 20ms -->
          <step title="Creating app_offline.htm" date="2026-02-02T15:28:56.417" /><!-- duration: 0ms -->
          <step title="KuduSync.NET from: &apos;C:\local\Temp\zipdeploy\extracted&apos; to: &apos;C:\home\site\wwwroot&apos;" date="2026-02-02T15:28:56.432" /><!-- duration: 0ms -->
          <step title="Deleting file: &apos;hostingstart.html&apos;" date="2026-02-02T15:28:56.432" /><!-- duration: 16ms -->
          <step title="Copying file: &apos;Azure.Core.dll&apos;" date="2026-02-02T15:28:56.448" /><!-- duration: 0ms -->
          <step title="Copying file: &apos;Azure.Identity.dll&apos;" date="2026-02-02T15:28:56.464" /><!-- duration: 0ms -->
          <step title="Copying file: &apos;BCrypt.Net-Next.dll&apos;" date="2026-02-02T15:28:56.464" /><!-- duration: 16ms -->
          <step title="Copying file: &apos;Microsoft.AspNetCore.Authentication.JwtBearer.dll&apos;" date="2026-02-02T15:28:56.479" /><!-- duration: 0ms -->
          <step title="Copying file: &apos;Microsoft.Bcl.AsyncInterfaces.dll&apos;" date="2026-02-02T15:28:56.495" /><!-- duration: 16ms -->
          <step title="Copying file: &apos;Microsoft.Data.SqlClient.dll&apos;" date="2026-02-02T15:28:56.511" /><!-- duration: 0ms -->
          <step title="Copying file: &apos;Microsoft.EntityFrameworkCore.Abstractions.dll&apos;" date="2026-02-02T15:28:56.526" /><!-- duration: 0ms -->
          <step title="Copying file: &apos;Microsoft.EntityFrameworkCore.dll&apos;" date="2026-02-02T15:28:56.542" /><!-- duration: 0ms -->
          <step title="Copying file: &apos;Microsoft.EntityFrameworkCore.Relational.dll&apos;" date="2026-02-02T15:28:56.542" /><!-- duration: 16ms -->
          <step title="Copying file: &apos;Microsoft.EntityFrameworkCore.SqlServer.dll&apos;" date="2026-02-02T15:28:56.558" /><!-- duration: 0ms -->
          <step title="Copying file: &apos;Microsoft.Identity.Client.dll&apos;" date="2026-02-02T15:28:56.573" /><!-- duration: 0ms -->
          <step title="Copying file: &apos;Microsoft.Identity.Client.Extensions.Msal.dll&apos;" date="2026-02-02T15:28:56.638" /><!-- duration: 0ms -->
          <step title="Copying file: &apos;Microsoft.IdentityModel.Abstractions.dll&apos;" date="2026-02-02T15:28:56.651" /><!-- duration: 0ms -->
          <step title="Copying file: &apos;Microsoft.IdentityModel.JsonWebTokens.dll&apos;" date="2026-02-02T15:28:56.668" /><!-- duration: 14ms -->
          <step title="Copying file: &apos;Microsoft.IdentityModel.Logging.dll&apos;" date="2026-02-02T15:28:56.682" /><!-- duration: 0ms -->
          <step title="Copying file: &apos;Microsoft.IdentityModel.Protocols.dll&apos;" date="2026-02-02T15:28:56.682" /><!-- duration: 16ms -->
          <step title="Copying file: &apos;Microsoft.IdentityModel.Protocols.OpenIdConnect.dll&apos;" date="2026-02-02T15:28:56.698" /><!-- duration: 0ms -->
          <step title="Copying file: &apos;Microsoft.IdentityModel.Tokens.dll&apos;" date="2026-02-02T15:28:56.714" /><!-- duration: 0ms -->
          <step title="Copying file: &apos;Microsoft.OpenApi.dll&apos;" date="2026-02-02T15:28:56.729" /><!-- duration: 0ms -->
          <step title="Copying file: &apos;Microsoft.SqlServer.Server.dll&apos;" date="2026-02-02T15:28:56.745" /><!-- duration: 16ms -->
          <step title="Copying file: &apos;Subastas.Application.dll&apos;" date="2026-02-02T15:28:56.761" /><!-- duration: 0ms -->
          <step title="Copying file: &apos;Subastas.Application.pdb&apos;" date="2026-02-02T15:28:56.779" /><!-- duration: 0ms -->
          <step title="Copying file: &apos;Subastas.Application.xml&apos;" date="2026-02-02T15:28:56.792" /><!-- duration: 0ms -->
          <step title="Copying file: &apos;Subastas.Domain.dll&apos;" date="2026-02-02T15:28:56.809" /><!-- duration: 0ms -->
          <step title="Copying file: &apos;Subastas.Domain.pdb&apos;" date="2026-02-02T15:28:56.823" /><!-- duration: 0ms -->
          <step title="Copying file: &apos;Subastas.Domain.xml&apos;" date="2026-02-02T15:28:56.839" /><!-- duration: 16ms -->
          <step title="Copying file: &apos;Subastas.Infrastructure.dll&apos;" date="2026-02-02T15:28:56.854" /><!-- duration: 0ms -->
          <step title="Copying file: &apos;Subastas.Infrastructure.pdb&apos;" date="2026-02-02T15:28:57.011" /><!-- duration: 18ms -->
          <step title="Copying file: &apos;Subastas.Infrastructure.xml&apos;" date="2026-02-02T15:28:57.042" /><!-- duration: 0ms -->
          <step title="Copying file: &apos;Subastas.WebApi.deps.json&apos;" date="2026-02-02T15:28:57.073" /><!-- duration: 0ms -->
          <step title="Copying file: &apos;Subastas.WebApi.dll&apos;" date="2026-02-02T15:28:57.089" /><!-- duration: 0ms -->
          <step title="Copying file: &apos;Subastas.WebApi.exe&apos;" date="2026-02-02T15:28:57.104" /><!-- duration: 16ms -->
          <step title="Copying file: &apos;Subastas.WebApi.pdb&apos;" date="2026-02-02T15:28:57.120" /><!-- duration: 0ms -->
          <step title="Copying file: &apos;Subastas.WebApi.runtimeconfig.json&apos;" date="2026-02-02T15:28:57.151" /><!-- duration: 0ms -->
          <step title="Copying file: &apos;Subastas.WebApi.staticwebassets.endpoints.json&apos;" date="2026-02-02T15:28:57.151" /><!-- duration: 18ms -->
          <step title="Copying file: &apos;Subastas.WebApi.xml&apos;" date="2026-02-02T15:28:57.169" /><!-- duration: 14ms -->
          <step title="Copying file: &apos;Swashbuckle.AspNetCore.Annotations.dll&apos;" date="2026-02-02T15:28:57.199" /><!-- duration: 0ms -->
          <step title="Copying file: &apos;Swashbuckle.AspNetCore.Swagger.dll&apos;" date="2026-02-02T15:28:57.214" /><!-- duration: 0ms -->
          <step title="Copying file: &apos;Swashbuckle.AspNetCore.SwaggerGen.dll&apos;" date="2026-02-02T15:28:57.214" /><!-- duration: 16ms -->
          <step title="Copying file: &apos;Swashbuckle.AspNetCore.SwaggerUI.dll&apos;" date="2026-02-02T15:28:57.245" /><!-- duration: 0ms -->
          <step title="Copying file: &apos;System.ClientModel.dll&apos;" date="2026-02-02T15:28:57.261" /><!-- duration: 0ms -->
          <step title="Copying file: &apos;System.Configuration.ConfigurationManager.dll&apos;" date="2026-02-02T15:28:57.261" /><!-- duration: 18ms -->
          <step title="Copying file: &apos;System.IdentityModel.Tokens.Jwt.dll&apos;" date="2026-02-02T15:28:57.292" /><!-- duration: 0ms -->
          <step title="Copying file: &apos;System.Memory.Data.dll&apos;" date="2026-02-02T15:28:57.292" /><!-- duration: 17ms -->
          <step title="Copying file: &apos;System.Security.Cryptography.Pkcs.dll&apos;" date="2026-02-02T15:28:57.323" /><!-- duration: 0ms -->
          <step title="Copying file: &apos;System.Security.Cryptography.ProtectedData.dll&apos;" date="2026-02-02T15:28:57.339" /><!-- duration: 0ms -->
          <step title="Copying file: &apos;cs\Microsoft.Data.SqlClient.resources.dll&apos;" date="2026-02-02T15:28:57.389" /><!-- duration: 12ms -->
          <step title="Omitting next output lines..." date="2026-02-02T15:28:57.417" /><!-- duration: 0ms -->
          <step title="Finished successfully." date="2026-02-02T15:28:57.417" /><!-- duration: 16ms -->
        </step><!-- duration: 12098ms -->
        <step title="Running post deployment command(s)..." date="2026-02-02T15:28:57.464" /><!-- duration: 0ms -->
        <step title="Triggering recycle (preview mode disabled)." date="2026-02-02T15:28:57.542" /><!-- duration: 0ms -->
        <step title="Ignoring FS watcher based recycle request as this is a classic Windows app." date="2026-02-02T15:28:57.542" /><!-- duration: 0ms -->
        <step title="Deployment successful. DEPLOYMENTINFO: deploymentPath = ZipDeploy. Extract zip. , deployer = ZipDeploy, os = windows, sku = Standard, siteName = SubastasWebApi20260202162157, siteHostName = subastaswebapi20260202162157-f3frc5dfgdata6cx.canadacentral-01.azurewebsites.net, deploymentStatus = Success" date="2026-02-02T15:28:57.589" /><!-- duration: 0ms -->
      </step><!-- duration: 13878ms -->
    </step><!-- duration: 14112ms -->
    <step title="Cleaning up temp files" date="2026-02-02T15:28:57.776" /><!-- duration: 16ms -->
    <step title="Skip function trigger and logicapp sync because function is not enabled." date="2026-02-02T15:28:57.807" /><!-- duration: 16ms -->
  </step><!-- duration: 16095ms -->
  <step title="LockFile &apos;C:\home\site\locks\deployments.lock&apos; released" date="2026-02-02T15:28:57.839" /><!-- duration: 0ms -->
  <step title="Deleting shutdown sentinel file" date="2026-02-02T15:28:57.854" SemaphoreCount="8" /><!-- duration: 0ms -->
</step><!-- duration: 16313ms -->
