<step title="Incoming Request" date="2026-02-02T15:29:04.411" instance="5caa8b" url="/api/siteextensions/Microsoft.AspNetCore.AzureAppServices.SiteExtension" method="PUT" type="request" pid="2584,2,12" Content-Length="0" Content-Type="application/json; charset=utf-8" Content-Encoding="utf-8" Accept-Encoding="gzip, deflate" Authorization="Bea..." Cookie="ARRAffinity=5caa8b78a89ba187cb72e17997643028acf7e85a209be7825f302a02f0a7ea4a; ARRAffinitySameSite=5caa8b78a89ba187cb72e17997643028acf7e85a209be7825f302a02f0a7ea4a" Host="subastaswebapi20260202162157-f3frc5dfgdata6cx.scm.canadacentral-01.azurewebsites.net" User-Agent="Visual-Studio/17.14.18+36616.10.-october.2025- WebToolsExtension/17.14.128.55757" X-ARR-LOG-ID="ee10841d-cb7f-4d67-9d19-d6d0908043ad" CLIENT-IP="79.117.156.244:57828" X-SITE-DEPLOYMENT-ID="SubastasWebApi20260202162157" WAS-DEFAULT-HOSTNAME="subastaswebapi20260202162157-f3frc5dfgdata6cx.scm.canadacentral-01.azurewebsites.net" X-Forwarded-Proto="https" X-AppService-Proto="https" X-Forwarded-TlsVersion="1.3" X-WAWS-Unencoded-URL="/api/siteextensions/Microsoft.AspNetCore.AzureAppServices.SiteExtension" >
  <step title="Installing Microsoft.AspNetCore.AzureAppServices.SiteExtension, version:  from feed: , packageUri: " date="2026-02-02T15:29:05.130" /><!-- duration: 19ms -->
  <step title="Installing &apos;Microsoft.AspNetCore.AzureAppServices.SiteExtension&apos; version &apos;&apos; from &apos;&apos;" date="2026-02-02T15:29:05.380" >
    <step title="Site Extension Microsoft.AspNetCore.AzureAppServices.SiteExtension remote version is 10.0.2" date="2026-02-02T15:29:06.942" /><!-- duration: 0ms -->
    <step title="FeedExtensionsV2 search package by id: Microsoft.AspNetCore.AzureAppServices.SiteExtension and version: ." date="2026-02-02T15:29:06.942" /><!-- duration: 0ms -->
    <step title="Install package: Microsoft.AspNetCore.AzureAppServices.SiteExtension." date="2026-02-02T15:29:06.958" >
      <step title="Download site extension: Microsoft.AspNetCore.AzureAppServices.SiteExtension" date="2026-02-02T15:29:06.989" /><!-- duration: 2805ms -->
      <step title="Check if applicationHost.xdt or scmApplicationHost.xdt file existed." date="2026-02-02T15:29:09.794" /><!-- duration: 16ms -->
      <step title="Trigger site extension job" date="2026-02-02T15:29:09.810" /><!-- duration: 0ms -->
    </step><!-- duration: 2914ms -->
    <step title="Update arm settings for Microsoft.AspNetCore.AzureAppServices.SiteExtension installation. Status: OK" date="2026-02-02T15:29:09.982" /><!-- duration: 125ms -->
  </step><!-- duration: 4742ms -->
  <step title="Outgoing response" date="2026-02-02T15:29:10.169" type="response" statusCode="200" statusText="OK" Server="Microsoft-IIS/10.0" x-ms-request-id="ee10841d-cb7f-4d67-9d19-d6d0908043ad" Cache-Control="private" X-AspNet-Version="4.0.30319" Content-Type="application/json; charset=utf-8" /><!-- duration: 0ms -->
</step><!-- duration: 5774ms -->
