<step title="Incoming Request" date="2026-02-02T15:28:36.168" instance="5caa8b" url="/api/zipdeploy?isAsync=true" method="POST" type="request" pid="2584,2,7" Content-Length="8454837" Content-Type="application/zip; charset=utf-8" Content-Encoding="utf-8" Authorization="Bea..." Expect="100-continue" Host="subastaswebapi20260202162157-f3frc5dfgdata6cx.scm.canadacentral-01.azurewebsites.net" User-Agent="websdk/WebSdk_VisualStudio_17.0" X-ARR-LOG-ID="489fefdb-347c-4c08-9df4-477e3640607e" CLIENT-IP="79.117.156.244:62012" X-SITE-DEPLOYMENT-ID="SubastasWebApi20260202162157" WAS-DEFAULT-HOSTNAME="subastaswebapi20260202162157-f3frc5dfgdata6cx.scm.canadacentral-01.azurewebsites.net" X-Forwarded-Proto="https" X-AppService-Proto="https" X-Forwarded-TlsVersion="1.3" X-WAWS-Unencoded-URL="/api/zipdeploy?isAsync=true" >
  <step title="Cleanup Xml Logs" date="2026-02-02T15:28:36.168" /><!-- duration: 11ms -->
  <step title="ZipPushDeploy" date="2026-02-02T15:28:36.308" >
    <step title="ZipDeploy. Extract zip. " date="2026-02-02T15:28:36.388" /><!-- duration: 10ms -->
    <step title="Starting PushDeployAsync" date="2026-02-02T15:28:36.418" /><!-- duration: 0ms -->
    <step title="Updating shutdown sentinel last write time" date="2026-02-02T15:28:36.660" SemaphoreCount="7" /><!-- duration: 12ms -->
    <step title="LockFile &apos;C:\home\site\locks\deployments.lock&apos; acquired" date="2026-02-02T15:28:36.671" /><!-- duration: 48ms -->
    <step title="Saving request content to C:\local\Temp\zipdeploy\3k1vo5bo.zip" date="2026-02-02T15:28:36.734" >
      <step title="Total 8,454,837 bytes written to C:\local\Temp\zipdeploy\3k1vo5bo.zip" date="2026-02-02T15:28:41.509" /><!-- duration: 0ms -->
    </step><!-- duration: 4775ms -->
    <step title="LockFile &apos;C:\home\site\locks\deployments.lock&apos; released" date="2026-02-02T15:28:41.525" /><!-- duration: 0ms -->
    <step title="Deleting shutdown sentinel file" date="2026-02-02T15:28:41.525" SemaphoreCount="8" /><!-- duration: 16ms -->
    <step title="Starting FetchDeploy" date="2026-02-02T15:28:41.540" /><!-- duration: 0ms -->
    <step title="Start deployment in the background" date="2026-02-02T15:28:41.557" >
      <step title="Starting LocalZipFetch" date="2026-02-02T15:28:41.869" /><!-- duration: 0ms -->
    </step><!-- duration: 777ms -->
  </step><!-- duration: 6027ms -->
  <step title="Outgoing response" date="2026-02-02T15:28:43.834" type="response" statusCode="202" statusText="Accepted" Server="Microsoft-IIS/10.0" x-ms-request-id="489fefdb-347c-4c08-9df4-477e3640607e" Retry-After="30" Cache-Control="private" X-AspNet-Version="4.0.30319" Location="https://subastaswebapi20260202162157-f3frc5dfgdata6cx.scm.canadacentral-01.azurewebsites.net/api/deployments/latest?deployer=ZipDeploy&amp;time=2026-02-02_15-28-42Z" /><!-- duration: 0ms -->
</step><!-- duration: 7667ms -->
