{"TimeStamp":"2026-02-02T15:28:57Z","SiteName":"SubastasWebApi20260202162157","RequestId":"489fefdb-347c-4c08-9df4-477e3640607e","Kind":"ZipDeploy","Status":"Success","Details":"{\"Id\":\"54e4c47508784f0f82d92357a22b3eb9\",\"Status\":4,\"StatusText\":\"\",\"AuthorEmail\":\"N/A\",\"Author\":\"N/A\",\"Message\":\"Created via a push deployment\",\"Progress\":\"\",\"Deployer\":\"ZipDeploy\",\"ReceivedTime\":\"2026-02-02T15:28:43.6784818Z\",\"StartTime\":\"2026-02-02T15:28:43.8034798Z\",\"EndTime\":\"2026-02-02T15:28:57.6048122Z\",\"LastSuccessEndTime\":\"2026-02-02T15:28:57.6048122Z\",\"Complete\":true,\"IsTemporary\":false,\"IsReadOnly\":true,\"SiteName\":\"SubastasWebApi20260202162157\",\"HostName\":\"subastaswebapi20260202162157-f3frc5dfgdata6cx.scm.canadacentral-01.azurewebsites.net\",\"ProjectType\":\"BASIC\",\"VsProjectId\":null}"}