<?xml version="1.0"?>
<doc>
    <assembly>
        <name>Subastas.Application</name>
    </assembly>
    <members>
        <member name="T:Subastas.Application.DTOs.Requests.ActualizarPerfilRequest">
            <summary>
            DTO para actualización de perfil de usuario.
            </summary>
        </member>
        <member name="P:Subastas.Application.DTOs.Requests.ActualizarPerfilRequest.IdUsuario">
            <summary>
            ID del usuario a actualizar.
            </summary>
        </member>
        <member name="P:Subastas.Application.DTOs.Requests.ActualizarPerfilRequest.Email">
            <summary>
            Correo electrónico del usuario.
            </summary>
        </member>
        <member name="P:Subastas.Application.DTOs.Requests.ActualizarPerfilRequest.Nombre">
            <summary>
            Nombre del usuario.
            </summary>
        </member>
        <member name="P:Subastas.Application.DTOs.Requests.ActualizarPerfilRequest.Apellidos">
            <summary>
            Apellidos del usuario.
            </summary>
        </member>
        <member name="P:Subastas.Application.DTOs.Requests.ActualizarPerfilRequest.Rol">
            <summary>
            Rol del usuario.
            </summary>
        </member>
        <member name="P:Subastas.Application.DTOs.Requests.ActualizarPerfilRequest.Activo">
            <summary>
            Estado activo del usuario.
            </summary>
        </member>
        <member name="P:Subastas.Application.DTOs.Requests.ActualizarPerfilRequest.Telefono">
            <summary>
            Teléfono de contacto.
            </summary>
        </member>
        <member name="P:Subastas.Application.DTOs.Requests.ActualizarPerfilRequest.Direccion">
            <summary>
            Dirección del usuario.
            </summary>
        </member>
        <member name="P:Subastas.Application.DTOs.Requests.ActualizarPerfilRequest.IdEmpresa">
            <summary>
            ID de la empresa asociada.
            </summary>
        </member>
        <member name="P:Subastas.Application.DTOs.Requests.ActualizarPerfilRequest.Password">
            <summary>
            Nueva contraseña (opcional, solo si se cambia).
            </summary>
        </member>
        <member name="T:Subastas.Application.DTOs.Requests.CrearPujaRequest">
            <summary>
            DTO para realizar una puja en una subasta.
            </summary>
        </member>
        <member name="P:Subastas.Application.DTOs.Requests.CrearPujaRequest.IdSubasta">
            <summary>
            ID de la subasta en la que se realiza la puja.
            </summary>
        </member>
        <member name="P:Subastas.Application.DTOs.Requests.CrearPujaRequest.IdUsuario">
            <summary>
            ID del usuario que realiza la puja.
            </summary>
        </member>
        <member name="P:Subastas.Application.DTOs.Requests.CrearPujaRequest.Cantidad">
            <summary>
            Cantidad ofrecida en la puja.
            </summary>
        </member>
        <member name="T:Subastas.Application.DTOs.Requests.CrearSubastaRequest">
            <summary>
            DTO para crear una nueva subasta.
            </summary>
        </member>
        <member name="P:Subastas.Application.DTOs.Requests.CrearSubastaRequest.IdVehiculo">
            <summary>
            ID del vehículo a subastar.
            </summary>
        </member>
        <member name="P:Subastas.Application.DTOs.Requests.CrearSubastaRequest.FechaInicio">
            <summary>
            Fecha y hora de inicio de la subasta.
            </summary>
        </member>
        <member name="P:Subastas.Application.DTOs.Requests.CrearSubastaRequest.FechaFin">
            <summary>
            Fecha y hora de finalización de la subasta.
            </summary>
        </member>
        <member name="P:Subastas.Application.DTOs.Requests.CrearSubastaRequest.PrecioInicial">
            <summary>
            Precio inicial de la subasta.
            </summary>
        </member>
        <member name="P:Subastas.Application.DTOs.Requests.CrearSubastaRequest.IncrementoMinimo">
            <summary>
            Incremento mínimo por puja.
            </summary>
        </member>
        <member name="T:Subastas.Application.DTOs.Requests.CrearVehiculoRequest">
            <summary>
            DTO para crear o registrar un vehículo.
            </summary>
        </member>
        <member name="P:Subastas.Application.DTOs.Requests.CrearVehiculoRequest.Marca">
            <summary>
            Marca del vehículo.
            </summary>
        </member>
        <member name="P:Subastas.Application.DTOs.Requests.CrearVehiculoRequest.Modelo">
            <summary>
            Modelo del vehículo.
            </summary>
        </member>
        <member name="P:Subastas.Application.DTOs.Requests.CrearVehiculoRequest.Matricula">
            <summary>
            Matrícula del vehículo.
            </summary>
        </member>
        <member name="P:Subastas.Application.DTOs.Requests.CrearVehiculoRequest.Color">
            <summary>
            Color del vehículo.
            </summary>
        </member>
        <member name="P:Subastas.Application.DTOs.Requests.CrearVehiculoRequest.Anio">
            <summary>
            Año de fabricación.
            </summary>
        </member>
        <member name="P:Subastas.Application.DTOs.Requests.CrearVehiculoRequest.NumeroPuertas">
            <summary>
            Número de puertas.
            </summary>
        </member>
        <member name="P:Subastas.Application.DTOs.Requests.CrearVehiculoRequest.Kilometraje">
            <summary>
            Kilometraje del vehículo.
            </summary>
        </member>
        <member name="P:Subastas.Application.DTOs.Requests.CrearVehiculoRequest.Potencia">
            <summary>
            Potencia del motor en CV.
            </summary>
        </member>
        <member name="P:Subastas.Application.DTOs.Requests.CrearVehiculoRequest.TipoMotor">
            <summary>
            Tipo de motor (Gasolina, Diésel, Eléctrico, Híbrido).
            </summary>
        </member>
        <member name="P:Subastas.Application.DTOs.Requests.CrearVehiculoRequest.TipoCarroceria">
            <summary>
            Tipo de carrocería (Sedán, SUV, Deportivo, etc.).
            </summary>
        </member>
        <member name="P:Subastas.Application.DTOs.Requests.CrearVehiculoRequest.Descripcion">
            <summary>
            Descripción adicional del vehículo.
            </summary>
        </member>
        <member name="P:Subastas.Application.DTOs.Requests.CrearVehiculoRequest.FechaMatriculacion">
            <summary>
            Fecha de matriculación.
            </summary>
        </member>
        <member name="T:Subastas.Application.DTOs.Requests.LoginRequest">
            <summary>
            DTO para la solicitud de inicio de sesión.
            </summary>
        </member>
        <member name="P:Subastas.Application.DTOs.Requests.LoginRequest.Email">
            <summary>
            Correo electrónico del usuario.
            </summary>
        </member>
        <member name="P:Subastas.Application.DTOs.Requests.LoginRequest.Password">
            <summary>
            Contraseña del usuario.
            </summary>
        </member>
        <member name="T:Subastas.Application.DTOs.Requests.RegistroUsuarioRequest">
            <summary>
            DTO para la solicitud de registro de usuario.
            </summary>
        </member>
        <member name="P:Subastas.Application.DTOs.Requests.RegistroUsuarioRequest.Nombre">
            <summary>
            Nombre del usuario.
            </summary>
        </member>
        <member name="P:Subastas.Application.DTOs.Requests.RegistroUsuarioRequest.Apellidos">
            <summary>
            Apellidos del usuario.
            </summary>
        </member>
        <member name="P:Subastas.Application.DTOs.Requests.RegistroUsuarioRequest.Email">
            <summary>
            Correo electrónico del usuario.
            </summary>
        </member>
        <member name="P:Subastas.Application.DTOs.Requests.RegistroUsuarioRequest.Password">
            <summary>
            Contraseña del usuario.
            </summary>
        </member>
        <member name="P:Subastas.Application.DTOs.Requests.RegistroUsuarioRequest.Telefono">
            <summary>
            Teléfono de contacto.
            </summary>
        </member>
        <member name="P:Subastas.Application.DTOs.Requests.RegistroUsuarioRequest.Direccion">
            <summary>
            Dirección del usuario.
            </summary>
        </member>
        <member name="P:Subastas.Application.DTOs.Requests.RegistroUsuarioRequest.IdEmpresa">
            <summary>
            ID de la empresa (si aplica).
            </summary>
        </member>
        <member name="T:Subastas.Application.DTOs.Responses.ApiResponse`1">
            <summary>
            DTO de respuesta genérica para operaciones.
            </summary>
        </member>
        <member name="P:Subastas.Application.DTOs.Responses.ApiResponse`1.Success">
            <summary>
            Indica si la operación fue exitosa.
            </summary>
        </member>
        <member name="P:Subastas.Application.DTOs.Responses.ApiResponse`1.Message">
            <summary>
            Mensaje descriptivo del resultado.
            </summary>
        </member>
        <member name="P:Subastas.Application.DTOs.Responses.ApiResponse`1.Data">
            <summary>
            Datos de respuesta.
            </summary>
        </member>
        <member name="P:Subastas.Application.DTOs.Responses.ApiResponse`1.Errors">
            <summary>
            Lista de errores (si los hay).
            </summary>
        </member>
        <member name="T:Subastas.Application.DTOs.Responses.ImagenVehiculoResponse">
            <summary>
            DTO de respuesta con información de imagen de vehículo.
            </summary>
        </member>
        <member name="T:Subastas.Application.DTOs.Responses.LoginResponse">
            <summary>
            DTO de respuesta para login exitoso.
            </summary>
        </member>
        <member name="P:Subastas.Application.DTOs.Responses.LoginResponse.Token">
            <summary>
            Token JWT para autenticación.
            </summary>
        </member>
        <member name="P:Subastas.Application.DTOs.Responses.LoginResponse.IdUsuario">
            <summary>
            ID del usuario autenticado.
            </summary>
        </member>
        <member name="P:Subastas.Application.DTOs.Responses.LoginResponse.Email">
            <summary>
            Email del usuario.
            </summary>
        </member>
        <member name="P:Subastas.Application.DTOs.Responses.LoginResponse.NombreCompleto">
            <summary>
            Nombre completo del usuario.
            </summary>
        </member>
        <member name="P:Subastas.Application.DTOs.Responses.LoginResponse.Rol">
            <summary>
            Rol del usuario en el sistema.
            </summary>
        </member>
        <member name="T:Subastas.Application.DTOs.Responses.PujaResponse">
            <summary>
            DTO de respuesta con información de puja.
            </summary>
        </member>
        <member name="T:Subastas.Application.DTOs.Responses.SubastaResponse">
            <summary>
            DTO de respuesta con información de subasta.
            </summary>
        </member>
        <member name="T:Subastas.Application.DTOs.Responses.UsuarioResponse">
            <summary>
            DTO de respuesta con información de usuario.
            </summary>
        </member>
        <member name="T:Subastas.Application.DTOs.Responses.VehiculoResponse">
            <summary>
            DTO de respuesta con información de vehículo.
            </summary>
        </member>
        <member name="T:Subastas.Application.Interfaces.Repositories.IPujaRepository">
            <summary>
            Interfaz para operaciones específicas del repositorio de pujas.
            </summary>
        </member>
        <member name="M:Subastas.Application.Interfaces.Repositories.IPujaRepository.GetBySubastaAsync(System.Int32)">
            <summary>
            Obtiene todas las pujas de una subasta.
            </summary>
        </member>
        <member name="M:Subastas.Application.Interfaces.Repositories.IPujaRepository.GetByUsuarioAsync(System.Int32)">
            <summary>
            Obtiene todas las pujas de un usuario.
            </summary>
        </member>
        <member name="M:Subastas.Application.Interfaces.Repositories.IPujaRepository.GetPujaMasAltaAsync(System.Int32)">
            <summary>
            Obtiene la puja más alta de una subasta.
            </summary>
        </member>
        <member name="M:Subastas.Application.Interfaces.Repositories.IPujaRepository.GetUltimasPujasAsync(System.Int32,System.Int32)">
            <summary>
            Obtiene las últimas N pujas de una subasta.
            </summary>
        </member>
        <member name="T:Subastas.Application.Interfaces.Repositories.IRepository`1">
            <summary>
            Interfaz para operaciones de repositorio genérico.
            </summary>
            <typeparam name="T">Tipo de entidad</typeparam>
        </member>
        <member name="M:Subastas.Application.Interfaces.Repositories.IRepository`1.GetAllAsync">
            <summary>
            Obtiene todas las entidades.
            </summary>
        </member>
        <member name="M:Subastas.Application.Interfaces.Repositories.IRepository`1.GetByIdAsync(System.Int32)">
            <summary>
            Obtiene una entidad por su ID.
            </summary>
        </member>
        <member name="M:Subastas.Application.Interfaces.Repositories.IRepository`1.AddAsync(`0)">
            <summary>
            Añade una nueva entidad.
            </summary>
        </member>
        <member name="M:Subastas.Application.Interfaces.Repositories.IRepository`1.UpdateAsync(`0)">
            <summary>
            Actualiza una entidad existente.
            </summary>
        </member>
        <member name="M:Subastas.Application.Interfaces.Repositories.IRepository`1.DeleteAsync(`0)">
            <summary>
            Elimina una entidad.
            </summary>
        </member>
        <member name="M:Subastas.Application.Interfaces.Repositories.IRepository`1.SaveChangesAsync">
            <summary>
            Guarda los cambios en la base de datos.
            </summary>
        </member>
        <member name="T:Subastas.Application.Interfaces.Repositories.ISubastaRepository">
            <summary>
            Interfaz para operaciones específicas del repositorio de subastas.
            </summary>
        </member>
        <member name="M:Subastas.Application.Interfaces.Repositories.ISubastaRepository.GetSubastasActivasAsync">
            <summary>
            Obtiene subastas activas.
            </summary>
        </member>
        <member name="M:Subastas.Application.Interfaces.Repositories.ISubastaRepository.GetByEstadoAsync(System.String)">
            <summary>
            Obtiene subastas por estado.
            </summary>
        </member>
        <member name="M:Subastas.Application.Interfaces.Repositories.ISubastaRepository.GetByIdWithPujasAsync(System.Int32)">
            <summary>
            Obtiene una subasta con sus pujas incluidas.
            </summary>
        </member>
        <member name="M:Subastas.Application.Interfaces.Repositories.ISubastaRepository.GetByVehiculoAsync(System.Int32)">
            <summary>
            Obtiene subastas de un vehículo específico.
            </summary>
        </member>
        <member name="T:Subastas.Application.Interfaces.Repositories.IUsuarioRepository">
            <summary>
            Interfaz para operaciones específicas del repositorio de usuarios.
            </summary>
        </member>
        <member name="M:Subastas.Application.Interfaces.Repositories.IUsuarioRepository.GetByEmailAsync(System.String)">
            <summary>
            Busca un usuario por su email.
            </summary>
        </member>
        <member name="M:Subastas.Application.Interfaces.Repositories.IUsuarioRepository.GetByEmpresaAsync(System.Int32)">
            <summary>
            Obtiene todos los usuarios de una empresa.
            </summary>
        </member>
        <member name="M:Subastas.Application.Interfaces.Repositories.IUsuarioRepository.EmailExistsAsync(System.String)">
            <summary>
            Verifica si un email ya está registrado.
            </summary>
        </member>
        <member name="M:Subastas.Application.Interfaces.Repositories.IUsuarioRepository.GetByRolAsync(System.String)">
            <summary>
            Obtiene usuarios por rol.
            </summary>
        </member>
        <member name="T:Subastas.Application.Interfaces.Repositories.IVehiculoRepository">
            <summary>
            Interfaz para operaciones específicas del repositorio de vehículos.
            </summary>
        </member>
        <member name="M:Subastas.Application.Interfaces.Repositories.IVehiculoRepository.GetByMatriculaAsync(System.String)">
            <summary>
            Busca un vehículo por su matrícula.
            </summary>
        </member>
        <member name="M:Subastas.Application.Interfaces.Repositories.IVehiculoRepository.GetByEstadoAsync(System.String)">
            <summary>
            Obtiene vehículos por estado.
            </summary>
        </member>
        <member name="M:Subastas.Application.Interfaces.Repositories.IVehiculoRepository.GetByIdWithImagenesAsync(System.Int32)">
            <summary>
            Obtiene un vehículo con sus imágenes incluidas.
            </summary>
        </member>
        <member name="M:Subastas.Application.Interfaces.Repositories.IVehiculoRepository.MatriculaExistsAsync(System.String)">
            <summary>
            Verifica si una matrícula ya existe.
            </summary>
        </member>
        <member name="T:Subastas.Application.Interfaces.Services.IAuthService">
            <summary>
            Interfaz para el servicio de autenticación.
            </summary>
        </member>
        <member name="M:Subastas.Application.Interfaces.Services.IAuthService.GenerateJwtToken(System.Int32,System.String,System.String)">
            <summary>
            Genera un token JWT para un usuario.
            </summary>
        </member>
        <member name="M:Subastas.Application.Interfaces.Services.IAuthService.ValidateToken(System.String)">
            <summary>
            Valida un token JWT.
            </summary>
        </member>
        <member name="M:Subastas.Application.Interfaces.Services.IAuthService.GetUserIdFromToken(System.String)">
            <summary>
            Extrae el ID de usuario de un token.
            </summary>
        </member>
        <member name="T:Subastas.Application.Interfaces.Services.IEmailService">
            <summary>
            Servicio para envío de emails.
            </summary>
        </member>
        <member name="M:Subastas.Application.Interfaces.Services.IEmailService.EnviarEmailAsync(System.String,System.String,System.String)">
            <summary>
            Envía un email genérico.
            </summary>
        </member>
        <member name="M:Subastas.Application.Interfaces.Services.IEmailService.EnviarEmailAdminAsync(System.String,System.String)">
            <summary>
            Envía email de notificación a administradores.
            </summary>
        </member>
        <member name="M:Subastas.Application.Interfaces.Services.IEmailService.EnviarEmailUsuarioAsync(System.String,System.String,System.String,System.String)">
            <summary>
            Envía email de notificación a un usuario específico.
            </summary>
        </member>
        <member name="T:Subastas.Application.Interfaces.Services.INotificacionAdminService">
            <summary>
            Interfaz para el servicio de notificaciones administrativas.
            </summary>
        </member>
        <member name="M:Subastas.Application.Interfaces.Services.INotificacionAdminService.CrearNotificacionRegistroAsync(System.Int32,System.String,System.String)">
            <summary>
            Crea una notificación de registro de usuario.
            </summary>
        </member>
        <member name="M:Subastas.Application.Interfaces.Services.INotificacionAdminService.CrearNotificacionDocumentoSubidoAsync(System.Int32,System.String,System.String)">
            <summary>
            Crea una notificación de documento subido.
            </summary>
        </member>
        <member name="M:Subastas.Application.Interfaces.Services.INotificacionAdminService.CrearNotificacionPujaAsync(System.Int32,System.Int32,System.Decimal)">
            <summary>
            Crea una notificación de nueva puja.
            </summary>
        </member>
        <member name="M:Subastas.Application.Interfaces.Services.INotificacionAdminService.ObtenerNotificacionesNoLeidasAsync">
            <summary>
            Obtiene todas las notificaciones no leídas.
            </summary>
        </member>
        <member name="M:Subastas.Application.Interfaces.Services.INotificacionAdminService.MarcarComoLeidaAsync(System.Int32)">
            <summary>
            Marca una notificación como leída.
            </summary>
        </member>
        <member name="T:Subastas.Application.Interfaces.Services.IPasswordService">
            <summary>
            Interfaz para el servicio de gestión de contraseñas.
            </summary>
        </member>
        <member name="M:Subastas.Application.Interfaces.Services.IPasswordService.HashPassword(System.String)">
            <summary>
            Hashea una contraseña usando BCrypt.
            </summary>
        </member>
        <member name="M:Subastas.Application.Interfaces.Services.IPasswordService.VerifyPassword(System.String,System.String)">
            <summary>
            Verifica si una contraseña coincide con su hash.
            </summary>
        </member>
    </members>
</doc>
