<?xml version="1.0"?>
<doc>
    <assembly>
        <name>Subastas.Domain</name>
    </assembly>
    <members>
        <member name="T:Subastas.Domain.Entities.Empresa">
            <summary>
            Representa una empresa participante en el sistema de subastas.
            </summary>
        </member>
        <member name="P:Subastas.Domain.Entities.Empresa.IdEmpresa">
            <summary>
            Identificador único de la empresa.
            </summary>
        </member>
        <member name="P:Subastas.Domain.Entities.Empresa.Nombre">
            <summary>
            Nombre de la empresa.
            </summary>
        </member>
        <member name="P:Subastas.Domain.Entities.Empresa.Cif">
            <summary>
            CIF de la empresa (único).
            </summary>
        </member>
        <member name="P:Subastas.Domain.Entities.Empresa.Direccion">
            <summary>
            Dirección de la empresa.
            </summary>
        </member>
        <member name="P:Subastas.Domain.Entities.Empresa.Telefono">
            <summary>
            Teléfono de contacto de la empresa.
            </summary>
        </member>
        <member name="T:Subastas.Domain.Entities.ImagenVehiculo">
            <summary>
            Representa una imagen asociada a un vehículo.
            </summary>
        </member>
        <member name="P:Subastas.Domain.Entities.ImagenVehiculo.IdImagen">
            <summary>
            Identificador único de la imagen.
            </summary>
        </member>
        <member name="P:Subastas.Domain.Entities.ImagenVehiculo.IdVehiculo">
            <summary>
            Identificador del vehículo al que pertenece la imagen.
            </summary>
        </member>
        <member name="P:Subastas.Domain.Entities.ImagenVehiculo.Nombre">
            <summary>
            Nombre del archivo de imagen.
            </summary>
        </member>
        <member name="P:Subastas.Domain.Entities.ImagenVehiculo.Ruta">
            <summary>
            Ruta de almacenamiento de la imagen.
            </summary>
        </member>
        <member name="P:Subastas.Domain.Entities.ImagenVehiculo.Activo">
            <summary>
            Indica si la imagen está activa (0 = no, 1 = sí).
            </summary>
        </member>
        <member name="T:Subastas.Domain.Entities.Notificacion">
            <summary>
            Representa una notificación enviada a un usuario sobre una subasta.
            </summary>
        </member>
        <member name="P:Subastas.Domain.Entities.Notificacion.IdNotificacion">
            <summary>
            Identificador único de la notificación.
            </summary>
        </member>
        <member name="P:Subastas.Domain.Entities.Notificacion.IdUsuario">
            <summary>
            Identificador del usuario que recibe la notificación.
            </summary>
        </member>
        <member name="P:Subastas.Domain.Entities.Notificacion.IdSubasta">
            <summary>
            Identificador de la subasta relacionada.
            </summary>
        </member>
        <member name="P:Subastas.Domain.Entities.Notificacion.Mensaje">
            <summary>
            Mensaje de la notificación.
            </summary>
        </member>
        <member name="P:Subastas.Domain.Entities.Notificacion.FechaEnvio">
            <summary>
            Fecha y hora de envío de la notificación.
            </summary>
        </member>
        <member name="P:Subastas.Domain.Entities.Notificacion.Leida">
            <summary>
            Indica si la notificación ha sido leída (0 = no, 1 = sí).
            </summary>
        </member>
        <member name="T:Subastas.Domain.Entities.NotificacionAdmin">
            <summary>
            Representa una notificación administrativa del sistema.
            </summary>
        </member>
        <member name="P:Subastas.Domain.Entities.NotificacionAdmin.IdNotificacion">
            <summary>
            Identificador único de la notificación administrativa.
            </summary>
        </member>
        <member name="P:Subastas.Domain.Entities.NotificacionAdmin.Titulo">
            <summary>
            Título de la notificación.
            </summary>
        </member>
        <member name="P:Subastas.Domain.Entities.NotificacionAdmin.Mensaje">
            <summary>
            Mensaje descriptivo de la notificación.
            </summary>
        </member>
        <member name="P:Subastas.Domain.Entities.NotificacionAdmin.Tipo">
            <summary>
            Tipo de notificación (registro, documento_subido, puja, otro).
            </summary>
        </member>
        <member name="P:Subastas.Domain.Entities.NotificacionAdmin.IdUsuario">
            <summary>
            Identificador del usuario relacionado (opcional).
            </summary>
        </member>
        <member name="P:Subastas.Domain.Entities.NotificacionAdmin.Leida">
            <summary>
            Indica si la notificación ha sido leída (0 = no, 1 = sí).
            </summary>
        </member>
        <member name="P:Subastas.Domain.Entities.NotificacionAdmin.FechaCreacion">
            <summary>
            Fecha de creación de la notificación.
            </summary>
        </member>
        <member name="P:Subastas.Domain.Entities.NotificacionAdmin.DatosAdicionales">
            <summary>
            Datos adicionales en formato JSON si es necesario.
            </summary>
        </member>
        <member name="T:Subastas.Domain.Entities.Pago">
            <summary>
            Representa un pago realizado por una puja ganada.
            </summary>
        </member>
        <member name="P:Subastas.Domain.Entities.Pago.IdPago">
            <summary>
            Identificador único del pago.
            </summary>
        </member>
        <member name="P:Subastas.Domain.Entities.Pago.IdPuja">
            <summary>
            Identificador de la puja asociada al pago.
            </summary>
        </member>
        <member name="P:Subastas.Domain.Entities.Pago.FechaPago">
            <summary>
            Fecha y hora en que se realizó el pago.
            </summary>
        </member>
        <member name="P:Subastas.Domain.Entities.Pago.Cantidad">
            <summary>
            Cantidad pagada.
            </summary>
        </member>
        <member name="P:Subastas.Domain.Entities.Pago.MetodoPago">
            <summary>
            Método de pago utilizado (Tarjeta, Transferencia, etc.).
            </summary>
        </member>
        <member name="T:Subastas.Domain.Entities.Puja">
            <summary>
            Representa una puja realizada por un usuario en una subasta.
            </summary>
        </member>
        <member name="P:Subastas.Domain.Entities.Puja.IdPuja">
            <summary>
            Identificador único de la puja.
            </summary>
        </member>
        <member name="P:Subastas.Domain.Entities.Puja.IdSubasta">
            <summary>
            Identificador de la subasta asociada.
            </summary>
        </member>
        <member name="P:Subastas.Domain.Entities.Puja.IdUsuario">
            <summary>
            Identificador del usuario que realiza la puja.
            </summary>
        </member>
        <member name="P:Subastas.Domain.Entities.Puja.Cantidad">
            <summary>
            Cantidad ofrecida en la puja.
            </summary>
        </member>
        <member name="P:Subastas.Domain.Entities.Puja.FechaPuja">
            <summary>
            Fecha y hora en que se realizó la puja.
            </summary>
        </member>
        <member name="T:Subastas.Domain.Entities.Subasta">
            <summary>
            Representa una subasta de un vehículo.
            </summary>
        </member>
        <member name="P:Subastas.Domain.Entities.Subasta.IdSubasta">
            <summary>
            Identificador único de la subasta.
            </summary>
        </member>
        <member name="P:Subastas.Domain.Entities.Subasta.IdVehiculo">
            <summary>
            Identificador del vehículo en subasta.
            </summary>
        </member>
        <member name="P:Subastas.Domain.Entities.Subasta.FechaInicio">
            <summary>
            Fecha y hora de inicio de la subasta.
            </summary>
        </member>
        <member name="P:Subastas.Domain.Entities.Subasta.FechaFin">
            <summary>
            Fecha y hora de finalización de la subasta.
            </summary>
        </member>
        <member name="P:Subastas.Domain.Entities.Subasta.PrecioInicial">
            <summary>
            Precio inicial de la subasta.
            </summary>
        </member>
        <member name="P:Subastas.Domain.Entities.Subasta.IncrementoMinimo">
            <summary>
            Incremento mínimo permitido por puja.
            </summary>
        </member>
        <member name="P:Subastas.Domain.Entities.Subasta.PrecioActual">
            <summary>
            Precio actual de la subasta (última puja).
            </summary>
        </member>
        <member name="P:Subastas.Domain.Entities.Subasta.Estado">
            <summary>
            Estado de la subasta (Activa, Finalizada, Cancelada).
            </summary>
        </member>
        <member name="T:Subastas.Domain.Entities.Usuario">
            <summary>
            Representa un usuario del sistema de subastas.
            </summary>
        </member>
        <member name="P:Subastas.Domain.Entities.Usuario.IdUsuario">
            <summary>
            Identificador único del usuario.
            </summary>
        </member>
        <member name="P:Subastas.Domain.Entities.Usuario.Nombre">
            <summary>
            Nombre del usuario.
            </summary>
        </member>
        <member name="P:Subastas.Domain.Entities.Usuario.Apellidos">
            <summary>
            Apellidos del usuario.
            </summary>
        </member>
        <member name="P:Subastas.Domain.Entities.Usuario.Email">
            <summary>
            Correo electrónico del usuario (único).
            </summary>
        </member>
        <member name="P:Subastas.Domain.Entities.Usuario.Password">
            <summary>
            Contraseña del usuario (hash).
            </summary>
        </member>
        <member name="P:Subastas.Domain.Entities.Usuario.Rol">
            <summary>
            Rol del usuario en el sistema (Admin, Usuario, etc.).
            </summary>
        </member>
        <member name="P:Subastas.Domain.Entities.Usuario.Activo">
            <summary>
            Indica si el usuario está activo.
            </summary>
        </member>
        <member name="P:Subastas.Domain.Entities.Usuario.Validado">
            <summary>
            Indica si el usuario ha sido validado.
            </summary>
        </member>
        <member name="P:Subastas.Domain.Entities.Usuario.IdEmpresa">
            <summary>
            Identificador de la empresa a la que pertenece el usuario.
            </summary>
        </member>
        <member name="P:Subastas.Domain.Entities.Usuario.Telefono">
            <summary>
            Teléfono de contacto del usuario.
            </summary>
        </member>
        <member name="P:Subastas.Domain.Entities.Usuario.Direccion">
            <summary>
            Dirección del usuario.
            </summary>
        </member>
        <member name="P:Subastas.Domain.Entities.Usuario.FotoPerfilBase64">
            <summary>
            Foto de perfil del usuario codificada en Base64.
            </summary>
        </member>
        <member name="P:Subastas.Domain.Entities.Usuario.DocumentoIAE">
            <summary>
            Ruta del documento IAE subido por el usuario.
            </summary>
        </member>
        <member name="T:Subastas.Domain.Entities.Vehiculo">
            <summary>
            Representa un vehículo disponible para subasta.
            </summary>
        </member>
        <member name="P:Subastas.Domain.Entities.Vehiculo.IdVehiculo">
            <summary>
            Identificador único del vehículo.
            </summary>
        </member>
        <member name="P:Subastas.Domain.Entities.Vehiculo.Marca">
            <summary>
            Marca del vehículo.
            </summary>
        </member>
        <member name="P:Subastas.Domain.Entities.Vehiculo.Modelo">
            <summary>
            Modelo del vehículo.
            </summary>
        </member>
        <member name="P:Subastas.Domain.Entities.Vehiculo.Matricula">
            <summary>
            Matrícula del vehículo (única).
            </summary>
        </member>
        <member name="P:Subastas.Domain.Entities.Vehiculo.Color">
            <summary>
            Color del vehículo.
            </summary>
        </member>
        <member name="P:Subastas.Domain.Entities.Vehiculo.Anio">
            <summary>
            Año de fabricación del vehículo.
            </summary>
        </member>
        <member name="P:Subastas.Domain.Entities.Vehiculo.NumeroPuertas">
            <summary>
            Número de puertas del vehículo.
            </summary>
        </member>
        <member name="P:Subastas.Domain.Entities.Vehiculo.Kilometraje">
            <summary>
            Kilometraje del vehículo.
            </summary>
        </member>
        <member name="P:Subastas.Domain.Entities.Vehiculo.Potencia">
            <summary>
            Potencia del motor en caballos de fuerza.
            </summary>
        </member>
        <member name="P:Subastas.Domain.Entities.Vehiculo.TipoMotor">
            <summary>
            Tipo de motor (Gasolina, Diésel, Eléctrico, Híbrido).
            </summary>
        </member>
        <member name="P:Subastas.Domain.Entities.Vehiculo.TipoCarroceria">
            <summary>
            Tipo de carrocería (Sedán, SUV, Deportivo, etc.).
            </summary>
        </member>
        <member name="P:Subastas.Domain.Entities.Vehiculo.Descripcion">
            <summary>
            Descripción adicional del vehículo.
            </summary>
        </member>
        <member name="P:Subastas.Domain.Entities.Vehiculo.FechaMatriculacion">
            <summary>
            Fecha de matriculación del vehículo.
            </summary>
        </member>
        <member name="P:Subastas.Domain.Entities.Vehiculo.FechaCreacion">
            <summary>
            Fecha de creación del registro.
            </summary>
        </member>
        <member name="P:Subastas.Domain.Entities.Vehiculo.Estado">
            <summary>
            Estado del vehículo (Disponible, En Subasta, Vendido).
            </summary>
        </member>
    </members>
</doc>
