{"Version":1,"ManifestType":"Publish","Endpoints":[{"Route":"img/1/frontal.1rf572lq4u.jpg","AssetFile":"img/1/frontal.jpg","Selectors":[],"ResponseHeaders":[{"Name":"Cache-Control","Value":"max-age=31536000, immutable"},{"Name":"Content-Length","Value":"45896"},{"Name":"Content-Type","Value":"image/jpeg"},{"Name":"ETag","Value":"\"A6KYTwxMqyjWqDVXKl5n7PI7LpjEC1SxY6vzXzRLPYg=\""},{"Name":"Last-Modified","Value":"Fri, 30 Jan 2026 17:22:10 GMT"}],"EndpointProperties":[{"Name":"fingerprint","Value":"1rf572lq4u"},{"Name":"integrity","Value":"sha256-A6KYTwxMqyjWqDVXKl5n7PI7LpjEC1SxY6vzXzRLPYg="},{"Name":"label","Value":"img/1/frontal.jpg"}]},{"Route":"img/1/frontal.jpg","AssetFile":"img/1/frontal.jpg","Selectors":[],"ResponseHeaders":[{"Name":"Cache-Control","Value":"max-age=3600, must-revalidate"},{"Name":"Content-Length","Value":"45896"},{"Name":"Content-Type","Value":"image/jpeg"},{"Name":"ETag","Value":"\"A6KYTwxMqyjWqDVXKl5n7PI7LpjEC1SxY6vzXzRLPYg=\""},{"Name":"Last-Modified","Value":"Fri, 30 Jan 2026 17:22:10 GMT"}],"EndpointProperties":[{"Name":"integrity","Value":"sha256-A6KYTwxMqyjWqDVXKl5n7PI7LpjEC1SxY6vzXzRLPYg="}]},{"Route":"img/1/interior.jpg","AssetFile":"img/1/interior.jpg","Selectors":[],"ResponseHeaders":[{"Name":"Cache-Control","Value":"max-age=3600, must-revalidate"},{"Name":"Content-Length","Value":"36095"},{"Name":"Content-Type","Value":"image/jpeg"},{"Name":"ETag","Value":"\"EEP1lb0bER5dX7XrCWNTQiHljTQKTWDlb7SE8GZPxu0=\""},{"Name":"Last-Modified","Value":"Fri, 30 Jan 2026 17:24:37 GMT"}],"EndpointProperties":[{"Name":"integrity","Value":"sha256-EEP1lb0bER5dX7XrCWNTQiHljTQKTWDlb7SE8GZPxu0="}]},{"Route":"img/1/interior.k7gob4y9bt.jpg","AssetFile":"img/1/interior.jpg","Selectors":[],"ResponseHeaders":[{"Name":"Cache-Control","Value":"max-age=31536000, immutable"},{"Name":"Content-Length","Value":"36095"},{"Name":"Content-Type","Value":"image/jpeg"},{"Name":"ETag","Value":"\"EEP1lb0bER5dX7XrCWNTQiHljTQKTWDlb7SE8GZPxu0=\""},{"Name":"Last-Modified","Value":"Fri, 30 Jan 2026 17:24:37 GMT"}],"EndpointProperties":[{"Name":"fingerprint","Value":"k7gob4y9bt"},{"Name":"integrity","Value":"sha256-EEP1lb0bER5dX7XrCWNTQiHljTQKTWDlb7SE8GZPxu0="},{"Name":"label","Value":"img/1/interior.jpg"}]},{"Route":"img/1/lateral.jpg.png","AssetFile":"img/1/lateral.jpg.png","Selectors":[],"ResponseHeaders":[{"Name":"Cache-Control","Value":"max-age=3600, must-revalidate"},{"Name":"Content-Length","Value":"212179"},{"Name":"Content-Type","Value":"image/png"},{"Name":"ETag","Value":"\"Libw80M2zgLz+Q3uI0/wuybZEJ1bdXwGsyHMzq7NVGA=\""},{"Name":"Last-Modified","Value":"Fri, 30 Jan 2026 17:25:36 GMT"}],"EndpointProperties":[{"Name":"integrity","Value":"sha256-Libw80M2zgLz+Q3uI0/wuybZEJ1bdXwGsyHMzq7NVGA="}]},{"Route":"img/1/lateral.jpg.qijke3s3ur.png","AssetFile":"img/1/lateral.jpg.png","Selectors":[],"ResponseHeaders":[{"Name":"Cache-Control","Value":"max-age=31536000, immutable"},{"Name":"Content-Length","Value":"212179"},{"Name":"Content-Type","Value":"image/png"},{"Name":"ETag","Value":"\"Libw80M2zgLz+Q3uI0/wuybZEJ1bdXwGsyHMzq7NVGA=\""},{"Name":"Last-Modified","Value":"Fri, 30 Jan 2026 17:25:36 GMT"}],"EndpointProperties":[{"Name":"fingerprint","Value":"qijke3s3ur"},{"Name":"integrity","Value":"sha256-Libw80M2zgLz+Q3uI0/wuybZEJ1bdXwGsyHMzq7NVGA="},{"Name":"label","Value":"img/1/lateral.jpg.png"}]},{"Route":"img/1/panel.jpg","AssetFile":"img/1/panel.jpg","Selectors":[],"ResponseHeaders":[{"Name":"Cache-Control","Value":"max-age=3600, must-revalidate"},{"Name":"Content-Length","Value":"60400"},{"Name":"Content-Type","Value":"image/jpeg"},{"Name":"ETag","Value":"\"AP55gKAN/qe2N0PazrRhiEy93iZRm87el+5oTAEoODI=\""},{"Name":"Last-Modified","Value":"Fri, 30 Jan 2026 17:26:39 GMT"}],"EndpointProperties":[{"Name":"integrity","Value":"sha256-AP55gKAN/qe2N0PazrRhiEy93iZRm87el+5oTAEoODI="}]},{"Route":"img/1/panel.oufrllph6y.jpg","AssetFile":"img/1/panel.jpg","Selectors":[],"ResponseHeaders":[{"Name":"Cache-Control","Value":"max-age=31536000, immutable"},{"Name":"Content-Length","Value":"60400"},{"Name":"Content-Type","Value":"image/jpeg"},{"Name":"ETag","Value":"\"AP55gKAN/qe2N0PazrRhiEy93iZRm87el+5oTAEoODI=\""},{"Name":"Last-Modified","Value":"Fri, 30 Jan 2026 17:26:39 GMT"}],"EndpointProperties":[{"Name":"fingerprint","Value":"oufrllph6y"},{"Name":"integrity","Value":"sha256-AP55gKAN/qe2N0PazrRhiEy93iZRm87el+5oTAEoODI="},{"Name":"label","Value":"img/1/panel.jpg"}]},{"Route":"img/vehiculos/1/frontal.1rf572lq4u.jpg","AssetFile":"img/vehiculos/1/frontal.jpg","Selectors":[],"ResponseHeaders":[{"Name":"Cache-Control","Value":"max-age=31536000, immutable"},{"Name":"Content-Length","Value":"45896"},{"Name":"Content-Type","Value":"image/jpeg"},{"Name":"ETag","Value":"\"A6KYTwxMqyjWqDVXKl5n7PI7LpjEC1SxY6vzXzRLPYg=\""},{"Name":"Last-Modified","Value":"Fri, 30 Jan 2026 17:22:10 GMT"}],"EndpointProperties":[{"Name":"fingerprint","Value":"1rf572lq4u"},{"Name":"integrity","Value":"sha256-A6KYTwxMqyjWqDVXKl5n7PI7LpjEC1SxY6vzXzRLPYg="},{"Name":"label","Value":"img/vehiculos/1/frontal.jpg"}]},{"Route":"img/vehiculos/1/frontal.jpg","AssetFile":"img/vehiculos/1/frontal.jpg","Selectors":[],"ResponseHeaders":[{"Name":"Cache-Control","Value":"max-age=3600, must-revalidate"},{"Name":"Content-Length","Value":"45896"},{"Name":"Content-Type","Value":"image/jpeg"},{"Name":"ETag","Value":"\"A6KYTwxMqyjWqDVXKl5n7PI7LpjEC1SxY6vzXzRLPYg=\""},{"Name":"Last-Modified","Value":"Fri, 30 Jan 2026 17:22:10 GMT"}],"EndpointProperties":[{"Name":"integrity","Value":"sha256-A6KYTwxMqyjWqDVXKl5n7PI7LpjEC1SxY6vzXzRLPYg="}]},{"Route":"img/vehiculos/1/interior.jpg","AssetFile":"img/vehiculos/1/interior.jpg","Selectors":[],"ResponseHeaders":[{"Name":"Cache-Control","Value":"max-age=3600, must-revalidate"},{"Name":"Content-Length","Value":"36095"},{"Name":"Content-Type","Value":"image/jpeg"},{"Name":"ETag","Value":"\"EEP1lb0bER5dX7XrCWNTQiHljTQKTWDlb7SE8GZPxu0=\""},{"Name":"Last-Modified","Value":"Fri, 30 Jan 2026 17:24:37 GMT"}],"EndpointProperties":[{"Name":"integrity","Value":"sha256-EEP1lb0bER5dX7XrCWNTQiHljTQKTWDlb7SE8GZPxu0="}]},{"Route":"img/vehiculos/1/interior.k7gob4y9bt.jpg","AssetFile":"img/vehiculos/1/interior.jpg","Selectors":[],"ResponseHeaders":[{"Name":"Cache-Control","Value":"max-age=31536000, immutable"},{"Name":"Content-Length","Value":"36095"},{"Name":"Content-Type","Value":"image/jpeg"},{"Name":"ETag","Value":"\"EEP1lb0bER5dX7XrCWNTQiHljTQKTWDlb7SE8GZPxu0=\""},{"Name":"Last-Modified","Value":"Fri, 30 Jan 2026 17:24:37 GMT"}],"EndpointProperties":[{"Name":"fingerprint","Value":"k7gob4y9bt"},{"Name":"integrity","Value":"sha256-EEP1lb0bER5dX7XrCWNTQiHljTQKTWDlb7SE8GZPxu0="},{"Name":"label","Value":"img/vehiculos/1/interior.jpg"}]},{"Route":"img/vehiculos/1/lateral.jpg","AssetFile":"img/vehiculos/1/lateral.jpg","Selectors":[],"ResponseHeaders":[{"Name":"Cache-Control","Value":"max-age=3600, must-revalidate"},{"Name":"Content-Length","Value":"212179"},{"Name":"Content-Type","Value":"image/jpeg"},{"Name":"ETag","Value":"\"Libw80M2zgLz+Q3uI0/wuybZEJ1bdXwGsyHMzq7NVGA=\""},{"Name":"Last-Modified","Value":"Fri, 30 Jan 2026 17:25:36 GMT"}],"EndpointProperties":[{"Name":"integrity","Value":"sha256-Libw80M2zgLz+Q3uI0/wuybZEJ1bdXwGsyHMzq7NVGA="}]},{"Route":"img/vehiculos/1/lateral.qijke3s3ur.jpg","AssetFile":"img/vehiculos/1/lateral.jpg","Selectors":[],"ResponseHeaders":[{"Name":"Cache-Control","Value":"max-age=31536000, immutable"},{"Name":"Content-Length","Value":"212179"},{"Name":"Content-Type","Value":"image/jpeg"},{"Name":"ETag","Value":"\"Libw80M2zgLz+Q3uI0/wuybZEJ1bdXwGsyHMzq7NVGA=\""},{"Name":"Last-Modified","Value":"Fri, 30 Jan 2026 17:25:36 GMT"}],"EndpointProperties":[{"Name":"fingerprint","Value":"qijke3s3ur"},{"Name":"integrity","Value":"sha256-Libw80M2zgLz+Q3uI0/wuybZEJ1bdXwGsyHMzq7NVGA="},{"Name":"label","Value":"img/vehiculos/1/lateral.jpg"}]},{"Route":"img/vehiculos/1/panel.jpg","AssetFile":"img/vehiculos/1/panel.jpg","Selectors":[],"ResponseHeaders":[{"Name":"Cache-Control","Value":"max-age=3600, must-revalidate"},{"Name":"Content-Length","Value":"60400"},{"Name":"Content-Type","Value":"image/jpeg"},{"Name":"ETag","Value":"\"AP55gKAN/qe2N0PazrRhiEy93iZRm87el+5oTAEoODI=\""},{"Name":"Last-Modified","Value":"Fri, 30 Jan 2026 17:26:39 GMT"}],"EndpointProperties":[{"Name":"integrity","Value":"sha256-AP55gKAN/qe2N0PazrRhiEy93iZRm87el+5oTAEoODI="}]},{"Route":"img/vehiculos/1/panel.oufrllph6y.jpg","AssetFile":"img/vehiculos/1/panel.jpg","Selectors":[],"ResponseHeaders":[{"Name":"Cache-Control","Value":"max-age=31536000, immutable"},{"Name":"Content-Length","Value":"60400"},{"Name":"Content-Type","Value":"image/jpeg"},{"Name":"ETag","Value":"\"AP55gKAN/qe2N0PazrRhiEy93iZRm87el+5oTAEoODI=\""},{"Name":"Last-Modified","Value":"Fri, 30 Jan 2026 17:26:39 GMT"}],"EndpointProperties":[{"Name":"fingerprint","Value":"oufrllph6y"},{"Name":"integrity","Value":"sha256-AP55gKAN/qe2N0PazrRhiEy93iZRm87el+5oTAEoODI="},{"Name":"label","Value":"img/vehiculos/1/panel.jpg"}]},{"Route":"img/vehiculos/2/lateral.jpg","AssetFile":"img/vehiculos/2/lateral.jpg","Selectors":[],"ResponseHeaders":[{"Name":"Cache-Control","Value":"max-age=3600, must-revalidate"},{"Name":"Content-Length","Value":"212179"},{"Name":"Content-Type","Value":"image/jpeg"},{"Name":"ETag","Value":"\"Libw80M2zgLz+Q3uI0/wuybZEJ1bdXwGsyHMzq7NVGA=\""},{"Name":"Last-Modified","Value":"Fri, 30 Jan 2026 17:25:36 GMT"}],"EndpointProperties":[{"Name":"integrity","Value":"sha256-Libw80M2zgLz+Q3uI0/wuybZEJ1bdXwGsyHMzq7NVGA="}]},{"Route":"img/vehiculos/2/lateral.qijke3s3ur.jpg","AssetFile":"img/vehiculos/2/lateral.jpg","Selectors":[],"ResponseHeaders":[{"Name":"Cache-Control","Value":"max-age=31536000, immutable"},{"Name":"Content-Length","Value":"212179"},{"Name":"Content-Type","Value":"image/jpeg"},{"Name":"ETag","Value":"\"Libw80M2zgLz+Q3uI0/wuybZEJ1bdXwGsyHMzq7NVGA=\""},{"Name":"Last-Modified","Value":"Fri, 30 Jan 2026 17:25:36 GMT"}],"EndpointProperties":[{"Name":"fingerprint","Value":"qijke3s3ur"},{"Name":"integrity","Value":"sha256-Libw80M2zgLz+Q3uI0/wuybZEJ1bdXwGsyHMzq7NVGA="},{"Name":"label","Value":"img/vehiculos/2/lateral.jpg"}]},{"Route":"img/vehiculos/3/panel.jpg","AssetFile":"img/vehiculos/3/panel.jpg","Selectors":[],"ResponseHeaders":[{"Name":"Cache-Control","Value":"max-age=3600, must-revalidate"},{"Name":"Content-Length","Value":"60400"},{"Name":"Content-Type","Value":"image/jpeg"},{"Name":"ETag","Value":"\"AP55gKAN/qe2N0PazrRhiEy93iZRm87el+5oTAEoODI=\""},{"Name":"Last-Modified","Value":"Fri, 30 Jan 2026 17:26:39 GMT"}],"EndpointProperties":[{"Name":"integrity","Value":"sha256-AP55gKAN/qe2N0PazrRhiEy93iZRm87el+5oTAEoODI="}]},{"Route":"img/vehiculos/3/panel.oufrllph6y.jpg","AssetFile":"img/vehiculos/3/panel.jpg","Selectors":[],"ResponseHeaders":[{"Name":"Cache-Control","Value":"max-age=31536000, immutable"},{"Name":"Content-Length","Value":"60400"},{"Name":"Content-Type","Value":"image/jpeg"},{"Name":"ETag","Value":"\"AP55gKAN/qe2N0PazrRhiEy93iZRm87el+5oTAEoODI=\""},{"Name":"Last-Modified","Value":"Fri, 30 Jan 2026 17:26:39 GMT"}],"EndpointProperties":[{"Name":"fingerprint","Value":"oufrllph6y"},{"Name":"integrity","Value":"sha256-AP55gKAN/qe2N0PazrRhiEy93iZRm87el+5oTAEoODI="},{"Name":"label","Value":"img/vehiculos/3/panel.jpg"}]}]}