<?xml version="1.0"?>
<doc>
    <assembly>
        <name>Subastas.Infrastructure</name>
    </assembly>
    <members>
        <member name="T:Subastas.Infrastructure.Configuration.DependencyInjection">
            <summary>
            Clase de extensión para configurar la inyección de dependencias de Infrastructure.
            </summary>
        </member>
        <member name="M:Subastas.Infrastructure.Configuration.DependencyInjection.AddInfrastructure(Microsoft.Extensions.DependencyInjection.IServiceCollection)">
            <summary>
            Registra todos los servicios y repositorios de la capa Infrastructure.
            </summary>
        </member>
        <member name="T:Subastas.Infrastructure.Data.SubastaContext">
            <summary>
            Contexto principal de la base de datos para la aplicación de subastas.
            Implementa el patrón Repository usando Entity Framework Core.
            </summary>
        </member>
        <member name="M:Subastas.Infrastructure.Data.SubastaContext.#ctor(Microsoft.EntityFrameworkCore.DbContextOptions{Subastas.Infrastructure.Data.SubastaContext})">
            <summary>
            Constructor para inyección de dependencias.
            </summary>
        </member>
        <member name="M:Subastas.Infrastructure.Data.SubastaContext.OnModelCreating(Microsoft.EntityFrameworkCore.ModelBuilder)">
            <summary>
            Configuración del modelo y relaciones entre entidades.
            </summary>
        </member>
        <member name="T:Subastas.Infrastructure.Repositories.PujaRepository">
            <summary>
            Repositorio específico para operaciones con pujas.
            </summary>
        </member>
        <member name="T:Subastas.Infrastructure.Repositories.Repository`1">
            <summary>
            Implementación genérica del repositorio para operaciones CRUD básicas.
            </summary>
            <typeparam name="T">Tipo de entidad</typeparam>
        </member>
        <member name="T:Subastas.Infrastructure.Repositories.SubastaRepository">
            <summary>
            Repositorio específico para operaciones con subastas.
            </summary>
        </member>
        <member name="T:Subastas.Infrastructure.Repositories.UsuarioRepository">
            <summary>
            Repositorio específico para operaciones con usuarios.
            </summary>
        </member>
        <member name="T:Subastas.Infrastructure.Repositories.VehiculoRepository">
            <summary>
            Repositorio específico para operaciones con vehículos.
            </summary>
        </member>
        <member name="T:Subastas.Infrastructure.Services.AuthService">
            <summary>
            Servicio para gestionar autenticación y tokens JWT.
            </summary>
        </member>
        <member name="M:Subastas.Infrastructure.Services.AuthService.GenerateJwtToken(System.Int32,System.String,System.String)">
            <summary>
            Genera un token JWT para un usuario autenticado.
            </summary>
        </member>
        <member name="M:Subastas.Infrastructure.Services.AuthService.ValidateToken(System.String)">
            <summary>
            Valida un token JWT.
            </summary>
        </member>
        <member name="M:Subastas.Infrastructure.Services.AuthService.GetUserIdFromToken(System.String)">
            <summary>
            Extrae el ID de usuario de un token JWT.
            </summary>
        </member>
        <member name="T:Subastas.Infrastructure.Services.EmailService">
            <summary>
            Servicio para envío de emails usando SMTP.
            </summary>
        </member>
        <member name="M:Subastas.Infrastructure.Services.EmailService.EnviarEmailAsync(System.String,System.String,System.String)">
            <summary>
            Envía un email genérico.
            </summary>
        </member>
        <member name="M:Subastas.Infrastructure.Services.EmailService.EnviarEmailAdminAsync(System.String,System.String)">
            <summary>
            Envía email de notificación a administradores.
            </summary>
        </member>
        <member name="M:Subastas.Infrastructure.Services.EmailService.EnviarEmailUsuarioAsync(System.String,System.String,System.String,System.String)">
            <summary>
            Envía email de notificación a un usuario específico.
            </summary>
        </member>
        <member name="T:Subastas.Infrastructure.Services.NotificacionAdminService">
            <summary>
            Servicio para gestionar notificaciones administrativas del sistema.
            </summary>
        </member>
        <member name="M:Subastas.Infrastructure.Services.NotificacionAdminService.CrearNotificacionRegistroAsync(System.Int32,System.String,System.String)">
            <summary>
            Crea una notificación cuando se registra un nuevo usuario.
            </summary>
        </member>
        <member name="M:Subastas.Infrastructure.Services.NotificacionAdminService.CrearNotificacionDocumentoSubidoAsync(System.Int32,System.String,System.String)">
            <summary>
            Crea una notificación cuando un usuario sube un documento.
            </summary>
        </member>
        <member name="M:Subastas.Infrastructure.Services.NotificacionAdminService.CrearNotificacionPujaAsync(System.Int32,System.Int32,System.Decimal)">
            <summary>
            Crea una notificación cuando se realiza una nueva puja.
            </summary>
        </member>
        <member name="M:Subastas.Infrastructure.Services.NotificacionAdminService.ObtenerNotificacionesNoLeidasAsync">
            <summary>
            Obtiene todas las notificaciones no leídas, ordenadas por fecha.
            </summary>
        </member>
        <member name="M:Subastas.Infrastructure.Services.NotificacionAdminService.MarcarComoLeidaAsync(System.Int32)">
            <summary>
            Marca una notificación como leída.
            </summary>
        </member>
        <member name="T:Subastas.Infrastructure.Services.PasswordService">
            <summary>
            Servicio para gestión segura de contraseñas usando BCrypt.
            </summary>
        </member>
        <member name="M:Subastas.Infrastructure.Services.PasswordService.HashPassword(System.String)">
            <summary>
            Hashea una contraseña usando BCrypt con factor de trabajo predeterminado.
            </summary>
            <param name="password">Contraseña en texto plano</param>
            <returns>Hash de la contraseña</returns>
        </member>
        <member name="M:Subastas.Infrastructure.Services.PasswordService.VerifyPassword(System.String,System.String)">
            <summary>
            Verifica si una contraseña coincide con su hash almacenado.
            </summary>
            <param name="password">Contraseña en texto plano</param>
            <param name="hashedPassword">Hash almacenado</param>
            <returns>True si coinciden, false si no</returns>
        </member>
    </members>
</doc>
