<?xml version="1.0"?>
<doc>
    <assembly>
        <name>Subastas.WebApi</name>
    </assembly>
    <members>
        <member name="T:Subastas.WebApi.Controllers.AdminController">
            <summary>
            Controlador para funcionalidades específicas del administrador.
            </summary>
        </member>
        <member name="M:Subastas.WebApi.Controllers.AdminController.GetDashboardAdmin">
            <summary>
            Obtiene estadísticas generales del sistema para el dashboard del administrador.
            </summary>
        </member>
        <member name="M:Subastas.WebApi.Controllers.AdminController.GetUsuariosPendientes">
            <summary>
            Obtiene lista de usuarios pendientes de validación con sus documentos IAE.
            </summary>
        </member>
        <member name="T:Subastas.WebApi.Controllers.DocumentosController">
            <summary>
            Controlador para gestión de documentos IAE de usuarios.
            </summary>
        </member>
        <member name="M:Subastas.WebApi.Controllers.DocumentosController.SubirIAE(System.Int32,Subastas.WebApi.Controllers.SubirDocumentoRequest)">
            <summary>
            Sube el documento IAE de un usuario.
            </summary>
        </member>
        <member name="M:Subastas.WebApi.Controllers.DocumentosController.DescargarIAE(System.Int32)">
            <summary>
            Descarga el documento IAE de un usuario.
            </summary>
        </member>
        <member name="M:Subastas.WebApi.Controllers.DocumentosController.VerificarIAE(System.Int32)">
            <summary>
            Verifica si un usuario tiene documento IAE subido.
            </summary>
        </member>
        <member name="T:Subastas.WebApi.Controllers.SubirDocumentoRequest">
            <summary>
            Request para subir documentos.
            </summary>
        </member>
        <member name="T:Subastas.WebApi.Controllers.EmpresasController">
            <summary>
            Controlador API para CRUD sobre la entidad Empresa.
            </summary>
        </member>
        <member name="M:Subastas.WebApi.Controllers.EmpresasController.GetEmpresas">
            <summary>
            Obtiene la lista de todas las empresas.
            </summary>
        </member>
        <member name="M:Subastas.WebApi.Controllers.EmpresasController.GetEmpresa(System.Int32)">
            <summary>
            Obtiene una empresa por su identificador.
            </summary>
        </member>
        <member name="M:Subastas.WebApi.Controllers.EmpresasController.PostEmpresa(Subastas.Domain.Entities.Empresa)">
            <summary>
            Crea una nueva empresa.
            </summary>
        </member>
        <member name="M:Subastas.WebApi.Controllers.EmpresasController.PutEmpresa(System.Int32,Subastas.Domain.Entities.Empresa)">
            <summary>
            Actualiza una empresa existente.
            </summary>
        </member>
        <member name="M:Subastas.WebApi.Controllers.EmpresasController.DeleteEmpresa(System.Int32)">
            <summary>
            Elimina una empresa por su identificador.
            </summary>
        </member>
        <member name="T:Subastas.WebApi.Controllers.ImagenesVehiculoController">
            <summary>
            Controlador API para gestión de imágenes de vehículos usando Base64.
            </summary>
        </member>
        <member name="M:Subastas.WebApi.Controllers.ImagenesVehiculoController.PostImagen(Subastas.WebApi.Controllers.ImagenBase64Request)">
            <summary>
            Sube una imagen codificada en Base64 para un vehículo.
            </summary>
            <param name="request">Datos de la imagen en Base64.</param>
        </member>
        <member name="M:Subastas.WebApi.Controllers.ImagenesVehiculoController.GetImagenesPorVehiculo(System.Int32)">
            <summary>
            Obtiene todas las imágenes activas de un vehículo en Base64.
            </summary>
        </member>
        <member name="M:Subastas.WebApi.Controllers.ImagenesVehiculoController.DeleteImagen(System.Int32)">
            <summary>
            Elimina una imagen físicamente y de la base de datos.
            </summary>
        </member>
        <member name="M:Subastas.WebApi.Controllers.ImagenesVehiculoController.DeterminarExtension(System.Byte[])">
            <summary>
            Determina la extensión del archivo según los bytes de la imagen.
            </summary>
        </member>
        <member name="T:Subastas.WebApi.Controllers.ImagenBase64Request">
            <summary>
            Modelo para subir imagen en Base64.
            </summary>
        </member>
        <member name="T:Subastas.WebApi.Controllers.NotificacionesAdminController">
            <summary>
            Controlador para gestión de notificaciones del administrador.
            </summary>
        </member>
        <member name="M:Subastas.WebApi.Controllers.NotificacionesAdminController.GetNotificaciones(System.Nullable{System.Boolean},System.Nullable{System.Int32})">
            <summary>
            Obtiene las notificaciones administrativas con opción de filtrar solo las no leídas.
            </summary>
            <param name="soloNoLeidas">Si es true, devuelve solo notificaciones no leídas.</param>
            <param name="limite">Número máximo de notificaciones a retornar.</param>
        </member>
        <member name="M:Subastas.WebApi.Controllers.NotificacionesAdminController.GetContadorNoLeidas">
            <summary>
            Obtiene el contador de notificaciones no leídas.
            </summary>
        </member>
        <member name="M:Subastas.WebApi.Controllers.NotificacionesAdminController.CrearNotificacion(Subastas.Domain.Entities.NotificacionAdmin)">
            <summary>
            Crea una nueva notificación administrativa.
            </summary>
        </member>
        <member name="M:Subastas.WebApi.Controllers.NotificacionesAdminController.MarcarComoLeida(System.Int32)">
            <summary>
            Marca una notificación como leída.
            </summary>
            <param name="id">ID de la notificación.</param>
        </member>
        <member name="M:Subastas.WebApi.Controllers.NotificacionesAdminController.MarcarTodasComoLeidas">
            <summary>
            Marca todas las notificaciones como leídas.
            </summary>
        </member>
        <member name="M:Subastas.WebApi.Controllers.NotificacionesAdminController.EliminarNotificacion(System.Int32)">
            <summary>
            Elimina una notificación específica.
            </summary>
            <param name="id">ID de la notificación a eliminar.</param>
        </member>
        <member name="M:Subastas.WebApi.Controllers.NotificacionesAdminController.LimpiarNotificacionesLeidas">
            <summary>
            Elimina todas las notificaciones ya leídas.
            </summary>
        </member>
        <member name="T:Subastas.WebApi.Controllers.NotificacionesController">
            <summary>
            Controlador API para gestión de notificaciones y envío de emails.
            </summary>
        </member>
        <member name="M:Subastas.WebApi.Controllers.NotificacionesController.EnviarEmail(Subastas.WebApi.Controllers.EmailRequest)">
            <summary>
            Envía un email genérico.
            </summary>
        </member>
        <member name="M:Subastas.WebApi.Controllers.NotificacionesController.ProcesarSubastasFinalizadas">
            <summary>
            Procesa subastas finalizadas, crea notificaciones para ganadores y perdedores.
            </summary>
        </member>
        <member name="M:Subastas.WebApi.Controllers.NotificacionesController.GetNotificacionesUsuario(System.Int32)">
            <summary>
            Obtiene todas las notificaciones del usuario con información del vehículo.
            </summary>
        </member>
        <member name="M:Subastas.WebApi.Controllers.NotificacionesController.MarcarComoLeida(System.Int32)">
            <summary>
            Marca una notificación como leída.
            </summary>
        </member>
        <member name="M:Subastas.WebApi.Controllers.NotificacionesController.MarcarTodasComoLeidas(System.Int32)">
            <summary>
            Marca todas las notificaciones de un usuario como leídas.
            </summary>
        </member>
        <member name="T:Subastas.WebApi.Controllers.EmailRequest">
            <summary>
            Modelo para envío de emails.
            </summary>
        </member>
        <member name="T:Subastas.WebApi.Controllers.PujasController">
            <summary>
            Controlador API para operaciones sobre la entidad Puja.
            </summary>
        </member>
        <member name="M:Subastas.WebApi.Controllers.PujasController.GetPujasActivas">
            <summary>
            Obtiene todas las pujas activas incluyendo los datos completos del vehículo y sus imágenes.
            </summary>
            <returns>Lista de pujas activas con información de vehículo.</returns>
        </member>
        <member name="M:Subastas.WebApi.Controllers.PujasController.GetPujasPorUsuario(System.Int32)">
            <summary>
            Obtiene las pujas realizadas por un usuario específico.
            </summary>
            <param name="idUsuario">ID del usuario cuyas pujas se desean obtener.</param>
            <returns>Lista de pujas del usuario con información de la subasta y el vehículo.</returns>
        </member>
        <member name="M:Subastas.WebApi.Controllers.PujasController.PostPuja(Subastas.WebApi.Controllers.PujaRequest)">
            <summary>
            Realiza una nueva puja.
            </summary>
            <param name="request">Datos de la puja.</param>
            <returns>NoContent si la puja se crea correctamente.</returns>
        </member>
        <member name="T:Subastas.WebApi.Controllers.PujaRequest">
            <summary>
            Modelo de datos para crear una puja.
            </summary>
        </member>
        <member name="T:Subastas.WebApi.Controllers.SubastasController">
            <summary>
            Controlador API para operaciones sobre la entidad Subasta.
            </summary>
        </member>
        <member name="M:Subastas.WebApi.Controllers.SubastasController.GetSubastas(System.Boolean)">
            <summary>
            Obtiene todas las subastas con opción de filtrar solo activas o vencidas.
            </summary>
            <param name="activas">Si es true, devuelve solo subastas activas. Si es false, devuelve solo vencidas.</param>
            <returns>Lista de subastas con información de vehículo e imágenes en Base64.</returns>
        </member>
        <member name="M:Subastas.WebApi.Controllers.SubastasController.GetSubasta(System.Int32)">
            <summary>
            Obtiene una subasta por ID con detalles del vehículo.
            </summary>
        </member>
        <member name="M:Subastas.WebApi.Controllers.SubastasController.ConvertirImagenABase64(Subastas.Domain.Entities.ImagenVehiculo)">
            <summary>
            Convierte una imagen física a Base64.
            </summary>
        </member>
        <member name="T:Subastas.WebApi.Controllers.UsuariosController">
            <summary>
            Controlador para gestión de usuarios y autenticación.
            </summary>
        </member>
        <member name="M:Subastas.WebApi.Controllers.UsuariosController.GetUsuarios">
            <summary>
            Obtiene todos los usuarios del sistema.
            </summary>
        </member>
        <member name="M:Subastas.WebApi.Controllers.UsuariosController.GetUsuario(System.Int32)">
            <summary>
            Obtiene un usuario por su ID.
            </summary>
        </member>
        <member name="M:Subastas.WebApi.Controllers.UsuariosController.Registro(Subastas.Application.DTOs.Requests.RegistroUsuarioRequest)">
            <summary>
            Registra un nuevo usuario en el sistema.
            </summary>
        </member>
        <member name="M:Subastas.WebApi.Controllers.UsuariosController.Login(Subastas.Application.DTOs.Requests.LoginRequest)">
            <summary>
            Inicia sesión y devuelve un token JWT.
            </summary>
        </member>
        <member name="M:Subastas.WebApi.Controllers.UsuariosController.ActualizarPerfil(System.Int32,Subastas.Application.DTOs.Requests.ActualizarPerfilRequest)">
            <summary>
            Actualiza el perfil de un usuario.
            </summary>
        </member>
        <member name="M:Subastas.WebApi.Controllers.UsuariosController.ValidarUsuario(System.Int32)">
            <summary>
            Valida un usuario (solo administradores).
            </summary>
        </member>
        <member name="T:Subastas.WebApi.Controllers.VehiculosController">
            <summary>
            Controlador API para operaciones sobre vehículos.
            </summary>
        </member>
        <member name="M:Subastas.WebApi.Controllers.VehiculosController.GetVehiculos">
            <summary>
            Obtiene todos los vehículos con sus imágenes.
            </summary>
        </member>
        <member name="M:Subastas.WebApi.Controllers.VehiculosController.GetVehiculo(System.Int32)">
            <summary>
            Obtiene un vehículo por su ID.
            </summary>
        </member>
        <member name="M:Subastas.WebApi.Controllers.VehiculosController.PostVehiculo(Subastas.WebApi.Controllers.VehiculoConImagenesRequest)">
            <summary>
            Crea un nuevo vehículo con sus imágenes.
            </summary>
        </member>
        <member name="M:Subastas.WebApi.Controllers.VehiculosController.PutVehiculo(System.Int32,Subastas.WebApi.Controllers.VehiculoConImagenesRequest)">
            <summary>
            Actualiza un vehículo existente.
            </summary>
        </member>
        <member name="M:Subastas.WebApi.Controllers.VehiculosController.DeleteVehiculo(System.Int32)">
            <summary>
            Elimina un vehículo y sus imágenes.
            </summary>
        </member>
        <member name="T:Subastas.WebApi.Controllers.VehiculoConImagenesRequest">
            <summary>
            Request para crear/actualizar vehículos con imágenes.
            </summary>
        </member>
        <member name="T:Subastas.WebApi.Controllers.ImagenVehiculoBase64">
            <summary>
            Representa una imagen en Base64 para un vehículo.
            </summary>
        </member>
    </members>
</doc>
