﻿<?xml version="1.0" encoding="utf-8"?>
<deployment>
  <id>54e4c47508784f0f82d92357a22b3eb9</id>
  <author>N/A</author>
  <deployer>ZipDeploy</deployer>
  <authorEmail>N/A</authorEmail>
  <message>Created via a push deployment</message>
  <progress></progress>
  <status>Success</status>
  <statusText></statusText>
  <lastSuccessEndTime>2026-02-02T15:28:57.6048122Z</lastSuccessEndTime>
  <receivedTime>2026-02-02T15:28:43.6784818Z</receivedTime>
  <startTime>2026-02-02T15:28:43.8034798Z</startTime>
  <endTime>2026-02-02T15:28:57.6048122Z</endTime>
  <complete>True</complete>
  <is_temp>False</is_temp>
  <is_readonly>True</is_readonly>
  <project_type>BASIC</project_type>
  <vsproject_id></vsproject_id>
</deployment>