<Events><Event><System><Provider Name=".NET Runtime"/><EventID>1026</EventID><Level>1</Level><Task>0</Task><Keywords>Keywords</Keywords><TimeCreated SystemTime="2026-02-02T15:29:44Z"/><EventRecordID>6300500</EventRecordID><Channel>Application</Channel><Computer>DW0SDWK0003VD</Computer><Security/></System><EventData><Data>Application: w3wp.exe
CoreCLR Version: 8.0.2225.52707
.NET Version: 8.0.22
Description: The process was terminated due to an unhandled exception.
Exception Info: System.InvalidOperationException: JWT SecretKey no configurada
   at Program.&lt;Main&gt;$(String[] args) in C:\Users\JoseAntonioVallecill\source\repos\subastas\src\Subastas.WebApi\Program.cs:line 92
</Data></EventData></Event><Event><System><Provider Name="IIS AspNetCore Module V2"/><EventID>1018</EventID><Level>1</Level><Task>0</Task><Keywords>Keywords</Keywords><TimeCreated SystemTime="2026-02-02T15:29:44Z"/><EventRecordID>6300500</EventRecordID><Channel>Application</Channel><Computer>DW0SDWK0003VD</Computer><Security/></System><EventData><Data>Application '/LM/W3SVC/592351612/ROOT' with physical root 'C:\home\site\wwwroot\' hit unexpected managed exception, exception code = '0xe0434352'. First 30KB characters of captured stdout and stderr logs:
Unhandled exception. System.InvalidOperationException: JWT SecretKey no configurada
   at Program.&lt;Main&gt;$(String[] args) in C:\Users\JoseAntonioVallecill\source\repos\subastas\src\Subastas.WebApi\Program.cs:line 92
</Data><Data>Process Id: 4736.</Data><Data>File Version: 18.0.25301.22. Description: IIS ASP.NET Core Module V2 Request Handler. Commit: </Data></EventData></Event><Event><System><Provider Name="IIS AspNetCore Module V2"/><EventID>1007</EventID><Level>1</Level><Task>0</Task><Keywords>Keywords</Keywords><TimeCreated SystemTime="2026-02-02T15:29:44Z"/><EventRecordID>6300500</EventRecordID><Channel>Application</Channel><Computer>DW0SDWK0003VD</Computer><Security/></System><EventData><Data>Application '/LM/W3SVC/592351612/ROOT' with physical root 'C:\home\site\wwwroot\' failed to load coreclr. Exception message:
CLR worker thread exited prematurely</Data><Data>Process Id: 4736.</Data><Data>File Version: 18.0.25301.22. Description: IIS ASP.NET Core Module V2 Request Handler. Commit: </Data></EventData></Event><Event><System><Provider Name="W3SVC-WP"/><EventID>2303</EventID><Level>2</Level><Task>0</Task><Keywords>Keywords</Keywords><TimeCreated SystemTime="2026-02-02T15:43:20Z"/><EventRecordID>7115875</EventRecordID><Channel>Application</Channel><Computer>DW0SDWK0003VD</Computer><Security/></System><EventData><Data>SubastasWebApi20260202162157</Data><Binary>02000780</Binary></EventData></Event><Event><System><Provider Name="W3SVC-WP"/><EventID>2303</EventID><Level>2</Level><Task>0</Task><Keywords>Keywords</Keywords><TimeCreated SystemTime="2026-02-02T15:43:20Z"/><EventRecordID>7115953</EventRecordID><Channel>Application</Channel><Computer>DW0SDWK0003VD</Computer><Security/></System><EventData><Data>SubastasWebApi20260202162157</Data><Binary>02000780</Binary></EventData></Event><Event><System><Provider Name="W3SVC-WP"/><EventID>2303</EventID><Level>2</Level><Task>0</Task><Keywords>Keywords</Keywords><TimeCreated SystemTime="2026-02-02T15:43:20Z"/><EventRecordID>7116062</EventRecordID><Channel>Application</Channel><Computer>DW0SDWK0003VD</Computer><Security/></System><EventData><Data>SubastasWebApi20260202162157</Data><Binary>02000780</Binary></EventData></Event><Event><System><Provider Name="W3SVC-WP"/><EventID>2303</EventID><Level>2</Level><Task>0</Task><Keywords>Keywords</Keywords><TimeCreated SystemTime="2026-02-02T15:43:20Z"/><EventRecordID>7116468</EventRecordID><Channel>Application</Channel><Computer>DW0SDWK0003VD</Computer><Security/></System><EventData><Data>SubastasWebApi20260202162157</Data><Binary>02000780</Binary></EventData></Event><Event><System><Provider Name=".NET Runtime"/><EventID>1000</EventID><Level>2</Level><Task>0</Task><Keywords>Keywords</Keywords><TimeCreated SystemTime="2026-02-02T15:44:34Z"/><EventRecordID>7189984</EventRecordID><Channel>Application</Channel><Computer>DW0SDWK0003VD</Computer><Security/></System><EventData><Data>Category: Microsoft.AspNetCore.DataProtection.KeyManagement.XmlKeyManager
EventId: 35

No XML encryptor configured. Key {eb295f86-ff88-4c58-8377-a1d165cf34d1} may be persisted to storage in unencrypted form.
</Data></EventData></Event><Event><System><Provider Name="IIS AspNetCore Module V2"/><EventID>1032</EventID><Level>4</Level><Task>0</Task><Keywords>Keywords</Keywords><TimeCreated SystemTime="2026-02-02T15:44:34Z"/><EventRecordID>7190203</EventRecordID><Channel>Application</Channel><Computer>DW0SDWK0003VD</Computer><Security/></System><EventData><Data>Application 'C:\home\site\wwwroot\' started successfully.</Data><Data>Process Id: 6356.</Data><Data>File Version: 18.0.25301.22. Description: IIS ASP.NET Core Module V2 Request Handler. Commit: </Data></EventData></Event><Event><System><Provider Name="IIS AspNetCore Module V2"/><EventID>1033</EventID><Level>4</Level><Task>0</Task><Keywords>Keywords</Keywords><TimeCreated SystemTime="2026-02-02T16:12:15Z"/><EventRecordID>8851250</EventRecordID><Channel>Application</Channel><Computer>DW0SDWK0003VD</Computer><Security/></System><EventData><Data>Application 'MACHINE/WEBROOT/APPHOST/SUBASTASWEBAPI20260202162157' has shutdown.</Data><Data>Process Id: 6356.</Data><Data>File Version: 18.0.25301.22. Description: IIS ASP.NET Core Module V2 Request Handler. Commit: </Data></EventData></Event><Event><System><Provider Name="IIS AspNetCore Module V2"/><EventID>1032</EventID><Level>4</Level><Task>0</Task><Keywords>Keywords</Keywords><TimeCreated SystemTime="2026-02-02T16:15:35Z"/><EventRecordID>9050968</EventRecordID><Channel>Application</Channel><Computer>DW0SDWK0003VD</Computer><Security/></System><EventData><Data>Application 'C:\home\site\wwwroot\' started successfully.</Data><Data>Process Id: 6208.</Data><Data>File Version: 18.0.25301.22. Description: IIS ASP.NET Core Module V2 Request Handler. Commit: </Data></EventData></Event><Event><System><Provider Name=".NET Runtime"/><EventID>1000</EventID><Level>1</Level><Task>0</Task><Keywords>Keywords</Keywords><TimeCreated SystemTime="2026-02-02T16:32:04Z"/><EventRecordID>10040218</EventRecordID><Channel>Application</Channel><Computer>DW0SDWK0003VD</Computer><Security/></System><EventData><Data>Category: Microsoft.EntityFrameworkCore.Database.Command
EventId: 20102
SpanId: 1186afe09c2409b3
TraceId: a91035111967bebf7d52471f18c249d1
ParentId: 0000000000000000
RequestId: 40000052-0000-de00-b63f-84710c7967bb
RequestPath: /api/NotificacionesAdmin
ActionId: c7805b92-dbce-4600-939c-3a58c6268d06
ActionName: Subastas.WebApi.Controllers.NotificacionesAdminController.GetNotificaciones (Subastas.WebApi)

Failed executing DbCommand (81ms) [Parameters=[@__p_0='?' (DbType = Int32)], CommandType='Text', CommandTimeout='30']
SELECT [t].[IdNotificacion], [t].[DatosAdicionales], [t].[FechaCreacion], [t].[IdUsuario], [t].[Leida], [t].[Mensaje], [t].[Tipo], [t].[Titulo], [u].[IdUsuario], [u].[Activo], [u].[Apellidos], [u].[Direccion], [u].[DocumentoIAE], [u].[Email], [u].[FotoPerfilBase64], [u].[IdEmpresa], [u].[Nombre], [u].[Password], [u].[Rol], [u].[Telefono], [u].[Validado]
FROM (
    SELECT TOP(@__p_0) [n].[IdNotificacion], [n].[DatosAdicionales], [n].[FechaCreacion], [n].[IdUsuario], [n].[Leida], [n].[Mensaje], [n].[Tipo], [n].[Titulo]
    FROM [NotificacionAdmin] AS [n]
    WHERE [n].[Leida] = CAST(0 AS tinyint)
    ORDER BY [n].[FechaCreacion] DESC
) AS [t]
LEFT JOIN [Usuario] AS [u] ON [t].[IdUsuario] = [u].[IdUsuario]
ORDER BY [t].[FechaCreacion] DESC
</Data></EventData></Event><Event><System><Provider Name=".NET Runtime"/><EventID>1000</EventID><Level>1</Level><Task>0</Task><Keywords>Keywords</Keywords><TimeCreated SystemTime="2026-02-02T16:32:04Z"/><EventRecordID>10040281</EventRecordID><Channel>Application</Channel><Computer>DW0SDWK0003VD</Computer><Security/></System><EventData><Data>Category: Microsoft.EntityFrameworkCore.Query
EventId: 10100
SpanId: 1186afe09c2409b3
TraceId: a91035111967bebf7d52471f18c249d1
ParentId: 0000000000000000
RequestId: 40000052-0000-de00-b63f-84710c7967bb
RequestPath: /api/NotificacionesAdmin
ActionId: c7805b92-dbce-4600-939c-3a58c6268d06
ActionName: Subastas.WebApi.Controllers.NotificacionesAdminController.GetNotificaciones (Subastas.WebApi)

An exception occurred while iterating over the results of a query for context type 'Subastas.Infrastructure.Data.SubastaContext'.
Microsoft.Data.SqlClient.SqlException (0x80131904): Invalid object name 'NotificacionAdmin'.
   at System.Threading.Tasks.ContinuationResultTaskFromResultTask`2.InnerInvoke()
   at System.Threading.Tasks.Task.&lt;&gt;c.&lt;.cctor&gt;b__281_0(Object obj)
   at System.Threading.ExecutionContext.RunInternal(ExecutionContext executionContext, ContextCallback callback, Object state)
--- End of stack trace from previous location ---
   at System.Threading.ExecutionContext.RunInternal(ExecutionContext executionContext, ContextCallback callback, Object state)
   at System.Threading.Tasks.Task.ExecuteWithThreadLocal(Task&amp; currentTaskSlot, Thread threadPoolThread)
--- End of stack trace from previous location ---
   at Microsoft.EntityFrameworkCore.Storage.RelationalCommand.ExecuteReaderAsync(RelationalCommandParameterObject parameterObject, CancellationToken cancellationToken)
   at Microsoft.EntityFrameworkCore.Storage.RelationalCommand.ExecuteReaderAsync(RelationalCommandParameterObject parameterObject, CancellationToken cancellationToken)
   at Microsoft.EntityFrameworkCore.Query.Internal.SingleQueryingEnumerable`1.AsyncEnumerator.InitializeReaderAsync(AsyncEnumerator enumerator, CancellationToken cancellationToken)
   at Microsoft.EntityFrameworkCore.SqlServer.Storage.Internal.SqlServerExecutionStrategy.ExecuteAsync[TState,TResult](TState state, Func`4 operation, Func`4 verifySucceeded, CancellationToken cancellationToken)
   at Microsoft.EntityFrameworkCore.Query.Internal.SingleQueryingEnumerable`1.AsyncEnumerator.MoveNextAsync()
ClientConnectionId:489bb746-d676-4824-a01c-96b71cae3ebd
Error Number:208,State:1,Class:16
ClientConnectionId before routing:e3b48aee-aca0-4438-919d-a56d80d9d5a9
Routing Destination:f6321a67f7db.tr7323.uksouth1-a.worker.database.windows.net,11024

Exception: 
Microsoft.Data.SqlClient.SqlException (0x80131904): Invalid object name 'NotificacionAdmin'.
   at System.Threading.Tasks.ContinuationResultTaskFromResultTask`2.InnerInvoke()
   at System.Threading.Tasks.Task.&lt;&gt;c.&lt;.cctor&gt;b__281_0(Object obj)
   at System.Threading.ExecutionContext.RunInternal(ExecutionContext executionContext, ContextCallback callback, Object state)
--- End of stack trace from previous location ---
   at System.Threading.ExecutionContext.RunInternal(ExecutionContext executionContext, ContextCallback callback, Object state)
   at System.Threading.Tasks.Task.ExecuteWithThreadLocal(Task&amp; currentTaskSlot, Thread threadPoolThread)
--- End of stack trace from previous location ---
   at Microsoft.EntityFrameworkCore.Storage.RelationalCommand.ExecuteReaderAsync(RelationalCommandParameterObject parameterObject, CancellationToken cancellationToken)
   at Microsoft.EntityFrameworkCore.Storage.RelationalCommand.ExecuteReaderAsync(RelationalCommandParameterObject parameterObject, CancellationToken cancellationToken)
   at Microsoft.EntityFrameworkCore.Query.Internal.SingleQueryingEnumerable`1.AsyncEnumerator.InitializeReaderAsync(AsyncEnumerator enumerator, CancellationToken cancellationToken)
   at Microsoft.EntityFrameworkCore.SqlServer.Storage.Internal.SqlServerExecutionStrategy.ExecuteAsync[TState,TResult](TState state, Func`4 operation, Func`4 verifySucceeded, CancellationToken cancellationToken)
   at Microsoft.EntityFrameworkCore.Query.Internal.SingleQueryingEnumerable`1.AsyncEnumerator.MoveNextAsync()
ClientConnectionId:489bb746-d676-4824-a01c-96b71cae3ebd
Error Number:208,State:1,Class:16
ClientConnectionId before routing:e3b48aee-aca0-4438-919d-a56d80d9d5a9
Routing Destination:f6321a67f7db.tr7323.uksouth1-a.worker.database.windows.net,11024
</Data></EventData></Event><Event><System><Provider Name=".NET Runtime"/><EventID>1000</EventID><Level>1</Level><Task>0</Task><Keywords>Keywords</Keywords><TimeCreated SystemTime="2026-02-02T16:32:04Z"/><EventRecordID>10040343</EventRecordID><Channel>Application</Channel><Computer>DW0SDWK0003VD</Computer><Security/></System><EventData><Data>Category: Microsoft.AspNetCore.Diagnostics.ExceptionHandlerMiddleware
EventId: 1
SpanId: 1186afe09c2409b3
TraceId: a91035111967bebf7d52471f18c249d1
ParentId: 0000000000000000
RequestId: 40000052-0000-de00-b63f-84710c7967bb
RequestPath: /api/NotificacionesAdmin

An unhandled exception has occurred while executing the request.

Exception: 
Microsoft.Data.SqlClient.SqlException (0x80131904): Invalid object name 'NotificacionAdmin'.
   at System.Threading.Tasks.ContinuationResultTaskFromResultTask`2.InnerInvoke()
   at System.Threading.Tasks.Task.&lt;&gt;c.&lt;.cctor&gt;b__281_0(Object obj)
   at System.Threading.ExecutionContext.RunInternal(ExecutionContext executionContext, ContextCallback callback, Object state)
--- End of stack trace from previous location ---
   at System.Threading.ExecutionContext.RunInternal(ExecutionContext executionContext, ContextCallback callback, Object state)
   at System.Threading.Tasks.Task.ExecuteWithThreadLocal(Task&amp; currentTaskSlot, Thread threadPoolThread)
--- End of stack trace from previous location ---
   at Microsoft.EntityFrameworkCore.Storage.RelationalCommand.ExecuteReaderAsync(RelationalCommandParameterObject parameterObject, CancellationToken cancellationToken)
   at Microsoft.EntityFrameworkCore.Storage.RelationalCommand.ExecuteReaderAsync(RelationalCommandParameterObject parameterObject, CancellationToken cancellationToken)
   at Microsoft.EntityFrameworkCore.Query.Internal.SingleQueryingEnumerable`1.AsyncEnumerator.InitializeReaderAsync(AsyncEnumerator enumerator, CancellationToken cancellationToken)
   at Microsoft.EntityFrameworkCore.SqlServer.Storage.Internal.SqlServerExecutionStrategy.ExecuteAsync[TState,TResult](TState state, Func`4 operation, Func`4 verifySucceeded, CancellationToken cancellationToken)
   at Microsoft.EntityFrameworkCore.Query.Internal.SingleQueryingEnumerable`1.AsyncEnumerator.MoveNextAsync()
   at Microsoft.EntityFrameworkCore.EntityFrameworkQueryableExtensions.ToListAsync[TSource](IQueryable`1 source, CancellationToken cancellationToken)
   at Microsoft.EntityFrameworkCore.EntityFrameworkQueryableExtensions.ToListAsync[TSource](IQueryable`1 source, CancellationToken cancellationToken)
   at Subastas.WebApi.Controllers.NotificacionesAdminController.GetNotificaciones(Nullable`1 soloNoLeidas, Nullable`1 limite) in C:\Users\JoseAntonioVallecill\source\repos\subastas\src\Subastas.WebApi\Controllers\NotificacionesAdminController.cs:line 44
   at lambda_method408(Closure, Object)
   at Microsoft.AspNetCore.Mvc.Infrastructure.ActionMethodExecutor.AwaitableObjectResultExecutor.Execute(ActionContext actionContext, IActionResultTypeMapper mapper, ObjectMethodExecutor executor, Object controller, Object[] arguments)
   at Microsoft.AspNetCore.Mvc.Infrastructure.ControllerActionInvoker.&lt;InvokeActionMethodAsync&gt;g__Awaited|12_0(ControllerActionInvoker invoker, ValueTask`1 actionResultValueTask)
   at Microsoft.AspNetCore.Mvc.Infrastructure.ControllerActionInvoker.&lt;InvokeNextActionFilterAsync&gt;g__Awaited|10_0(ControllerActionInvoker invoker, Task lastTask, State next, Scope scope, Object state, Boolean isCompleted)
   at Microsoft.AspNetCore.Mvc.Infrastructure.ControllerActionInvoker.Rethrow(ActionExecutedContextSealed context)
   at Microsoft.AspNetCore.Mvc.Infrastructure.ControllerActionInvoker.Next(State&amp; next, Scope&amp; scope, Object&amp; state, Boolean&amp; isCompleted)
   at Microsoft.AspNetCore.Mvc.Infrastructure.ControllerActionInvoker.&lt;InvokeInnerFilterAsync&gt;g__Awaited|13_0(ControllerActionInvoker invoker, Task lastTask, State next, Scope scope, Object state, Boolean isCompleted)
   at Microsoft.AspNetCore.Mvc.Infrastructure.ResourceInvoker.&lt;InvokeFilterPipelineAsync&gt;g__Awaited|20_0(ResourceInvoker invoker, Task lastTask, State next, Scope scope, Object state, Boolean isCompleted)
   at Microsoft.AspNetCore.Mvc.Infrastructure.ResourceInvoker.&lt;InvokeAsync&gt;g__Logged|17_1(ResourceInvoker invoker)
   at Microsoft.AspNetCore.Mvc.Infrastructure.ResourceInvoker.&lt;InvokeAsync&gt;g__Logged|17_1(ResourceInvoker invoker)
   at Microsoft.AspNetCore.Routing.EndpointMiddleware.&lt;Invoke&gt;g__AwaitRequestTask|7_0(Endpoint endpoint, Task requestTask, ILogger logger)
   at Microsoft.AspNetCore.Authorization.AuthorizationMiddleware.Invoke(HttpContext context)
   at Microsoft.AspNetCore.Authentication.AuthenticationMiddleware.Invoke(HttpContext context)
   at Swashbuckle.AspNetCore.SwaggerUI.SwaggerUIMiddleware.Invoke(HttpContext httpContext)
   at Swashbuckle.AspNetCore.Swagger.SwaggerMiddleware.Invoke(HttpContext httpContext, ISwaggerProvider swaggerProvider)
   at Microsoft.AspNetCore.Diagnostics.ExceptionHandlerMiddlewareImpl.&lt;Invoke&gt;g__Awaited|10_0(ExceptionHandlerMiddlewareImpl middleware, HttpContext context, Task task)
ClientConnectionId:489bb746-d676-4824-a01c-96b71cae3ebd
Error Number:208,State:1,Class:16
ClientConnectionId before routing:e3b48aee-aca0-4438-919d-a56d80d9d5a9
Routing Destination:f6321a67f7db.tr7323.uksouth1-a.worker.database.windows.net,11024
</Data></EventData></Event><Event><System><Provider Name=".NET Runtime"/><EventID>1000</EventID><Level>1</Level><Task>0</Task><Keywords>Keywords</Keywords><TimeCreated SystemTime="2026-02-02T16:32:04Z"/><EventRecordID>10040750</EventRecordID><Channel>Application</Channel><Computer>DW0SDWK0003VD</Computer><Security/></System><EventData><Data>Category: Microsoft.EntityFrameworkCore.Database.Command
EventId: 20102
SpanId: 6317dd93060fe3c3
TraceId: 686655c96f68421eecbaec36a53ee7fe
ParentId: 0000000000000000
RequestId: 40000073-0000-d100-b63f-84710c7967bb
RequestPath: /api/NotificacionesAdmin/contador-no-leidas
ActionId: 84c4154d-f6a0-48af-8678-4db8b935bc79
ActionName: Subastas.WebApi.Controllers.NotificacionesAdminController.GetContadorNoLeidas (Subastas.WebApi)

Failed executing DbCommand (79ms) [Parameters=[], CommandType='Text', CommandTimeout='30']
SELECT COUNT(*)
FROM [NotificacionAdmin] AS [n]
WHERE [n].[Leida] = CAST(0 AS tinyint)
</Data></EventData></Event><Event><System><Provider Name=".NET Runtime"/><EventID>1000</EventID><Level>1</Level><Task>0</Task><Keywords>Keywords</Keywords><TimeCreated SystemTime="2026-02-02T16:32:05Z"/><EventRecordID>10040765</EventRecordID><Channel>Application</Channel><Computer>DW0SDWK0003VD</Computer><Security/></System><EventData><Data>Category: Microsoft.EntityFrameworkCore.Query
EventId: 10100
SpanId: 6317dd93060fe3c3
TraceId: 686655c96f68421eecbaec36a53ee7fe
ParentId: 0000000000000000
RequestId: 40000073-0000-d100-b63f-84710c7967bb
RequestPath: /api/NotificacionesAdmin/contador-no-leidas
ActionId: 84c4154d-f6a0-48af-8678-4db8b935bc79
ActionName: Subastas.WebApi.Controllers.NotificacionesAdminController.GetContadorNoLeidas (Subastas.WebApi)

An exception occurred while iterating over the results of a query for context type 'Subastas.Infrastructure.Data.SubastaContext'.
Microsoft.Data.SqlClient.SqlException (0x80131904): Invalid object name 'NotificacionAdmin'.
   at System.Threading.Tasks.ContinuationResultTaskFromResultTask`2.InnerInvoke()
   at System.Threading.Tasks.Task.&lt;&gt;c.&lt;.cctor&gt;b__281_0(Object obj)
   at System.Threading.ExecutionContext.RunInternal(ExecutionContext executionContext, ContextCallback callback, Object state)
--- End of stack trace from previous location ---
   at System.Threading.ExecutionContext.RunInternal(ExecutionContext executionContext, ContextCallback callback, Object state)
   at System.Threading.Tasks.Task.ExecuteWithThreadLocal(Task&amp; currentTaskSlot, Thread threadPoolThread)
--- End of stack trace from previous location ---
   at Microsoft.EntityFrameworkCore.Storage.RelationalCommand.ExecuteReaderAsync(RelationalCommandParameterObject parameterObject, CancellationToken cancellationToken)
   at Microsoft.EntityFrameworkCore.Storage.RelationalCommand.ExecuteReaderAsync(RelationalCommandParameterObject parameterObject, CancellationToken cancellationToken)
   at Microsoft.EntityFrameworkCore.Query.Internal.SingleQueryingEnumerable`1.AsyncEnumerator.InitializeReaderAsync(AsyncEnumerator enumerator, CancellationToken cancellationToken)
   at Microsoft.EntityFrameworkCore.SqlServer.Storage.Internal.SqlServerExecutionStrategy.ExecuteAsync[TState,TResult](TState state, Func`4 operation, Func`4 verifySucceeded, CancellationToken cancellationToken)
   at Microsoft.EntityFrameworkCore.Query.Internal.SingleQueryingEnumerable`1.AsyncEnumerator.MoveNextAsync()
ClientConnectionId:50890d0f-8124-4aca-bbfd-41b64e444485
Error Number:208,State:1,Class:16
ClientConnectionId before routing:002f5713-f839-4ea8-a7ac-e5ef337f6b6c
Routing Destination:f6321a67f7db.tr7323.uksouth1-a.worker.database.windows.net,11024

Exception: 
Microsoft.Data.SqlClient.SqlException (0x80131904): Invalid object name 'NotificacionAdmin'.
   at System.Threading.Tasks.ContinuationResultTaskFromResultTask`2.InnerInvoke()
   at System.Threading.Tasks.Task.&lt;&gt;c.&lt;.cctor&gt;b__281_0(Object obj)
   at System.Threading.ExecutionContext.RunInternal(ExecutionContext executionContext, ContextCallback callback, Object state)
--- End of stack trace from previous location ---
   at System.Threading.ExecutionContext.RunInternal(ExecutionContext executionContext, ContextCallback callback, Object state)
   at System.Threading.Tasks.Task.ExecuteWithThreadLocal(Task&amp; currentTaskSlot, Thread threadPoolThread)
--- End of stack trace from previous location ---
   at Microsoft.EntityFrameworkCore.Storage.RelationalCommand.ExecuteReaderAsync(RelationalCommandParameterObject parameterObject, CancellationToken cancellationToken)
   at Microsoft.EntityFrameworkCore.Storage.RelationalCommand.ExecuteReaderAsync(RelationalCommandParameterObject parameterObject, CancellationToken cancellationToken)
   at Microsoft.EntityFrameworkCore.Query.Internal.SingleQueryingEnumerable`1.AsyncEnumerator.InitializeReaderAsync(AsyncEnumerator enumerator, CancellationToken cancellationToken)
   at Microsoft.EntityFrameworkCore.SqlServer.Storage.Internal.SqlServerExecutionStrategy.ExecuteAsync[TState,TResult](TState state, Func`4 operation, Func`4 verifySucceeded, CancellationToken cancellationToken)
   at Microsoft.EntityFrameworkCore.Query.Internal.SingleQueryingEnumerable`1.AsyncEnumerator.MoveNextAsync()
ClientConnectionId:50890d0f-8124-4aca-bbfd-41b64e444485
Error Number:208,State:1,Class:16
ClientConnectionId before routing:002f5713-f839-4ea8-a7ac-e5ef337f6b6c
Routing Destination:f6321a67f7db.tr7323.uksouth1-a.worker.database.windows.net,11024
</Data></EventData></Event><Event><System><Provider Name=".NET Runtime"/><EventID>1000</EventID><Level>1</Level><Task>0</Task><Keywords>Keywords</Keywords><TimeCreated SystemTime="2026-02-02T16:32:05Z"/><EventRecordID>10040796</EventRecordID><Channel>Application</Channel><Computer>DW0SDWK0003VD</Computer><Security/></System><EventData><Data>Category: Microsoft.AspNetCore.Diagnostics.ExceptionHandlerMiddleware
EventId: 1
SpanId: 6317dd93060fe3c3
TraceId: 686655c96f68421eecbaec36a53ee7fe
ParentId: 0000000000000000
RequestId: 40000073-0000-d100-b63f-84710c7967bb
RequestPath: /api/NotificacionesAdmin/contador-no-leidas

An unhandled exception has occurred while executing the request.

Exception: 
Microsoft.Data.SqlClient.SqlException (0x80131904): Invalid object name 'NotificacionAdmin'.
   at System.Threading.Tasks.ContinuationResultTaskFromResultTask`2.InnerInvoke()
   at System.Threading.Tasks.Task.&lt;&gt;c.&lt;.cctor&gt;b__281_0(Object obj)
   at System.Threading.ExecutionContext.RunInternal(ExecutionContext executionContext, ContextCallback callback, Object state)
--- End of stack trace from previous location ---
   at System.Threading.ExecutionContext.RunInternal(ExecutionContext executionContext, ContextCallback callback, Object state)
   at System.Threading.Tasks.Task.ExecuteWithThreadLocal(Task&amp; currentTaskSlot, Thread threadPoolThread)
--- End of stack trace from previous location ---
   at Microsoft.EntityFrameworkCore.Storage.RelationalCommand.ExecuteReaderAsync(RelationalCommandParameterObject parameterObject, CancellationToken cancellationToken)
   at Microsoft.EntityFrameworkCore.Storage.RelationalCommand.ExecuteReaderAsync(RelationalCommandParameterObject parameterObject, CancellationToken cancellationToken)
   at Microsoft.EntityFrameworkCore.Query.Internal.SingleQueryingEnumerable`1.AsyncEnumerator.InitializeReaderAsync(AsyncEnumerator enumerator, CancellationToken cancellationToken)
   at Microsoft.EntityFrameworkCore.SqlServer.Storage.Internal.SqlServerExecutionStrategy.ExecuteAsync[TState,TResult](TState state, Func`4 operation, Func`4 verifySucceeded, CancellationToken cancellationToken)
   at Microsoft.EntityFrameworkCore.Query.Internal.SingleQueryingEnumerable`1.AsyncEnumerator.MoveNextAsync()
   at Microsoft.EntityFrameworkCore.Query.ShapedQueryCompilingExpressionVisitor.SingleAsync[TSource](IAsyncEnumerable`1 asyncEnumerable, CancellationToken cancellationToken)
   at Microsoft.EntityFrameworkCore.Query.ShapedQueryCompilingExpressionVisitor.SingleAsync[TSource](IAsyncEnumerable`1 asyncEnumerable, CancellationToken cancellationToken)
   at Subastas.WebApi.Controllers.NotificacionesAdminController.GetContadorNoLeidas() in C:\Users\JoseAntonioVallecill\source\repos\subastas\src\Subastas.WebApi\Controllers\NotificacionesAdminController.cs:line 54
   at lambda_method419(Closure, Object)
   at Microsoft.AspNetCore.Mvc.Infrastructure.ActionMethodExecutor.AwaitableObjectResultExecutor.Execute(ActionContext actionContext, IActionResultTypeMapper mapper, ObjectMethodExecutor executor, Object controller, Object[] arguments)
   at Microsoft.AspNetCore.Mvc.Infrastructure.ControllerActionInvoker.&lt;InvokeActionMethodAsync&gt;g__Awaited|12_0(ControllerActionInvoker invoker, ValueTask`1 actionResultValueTask)
   at Microsoft.AspNetCore.Mvc.Infrastructure.ControllerActionInvoker.&lt;InvokeNextActionFilterAsync&gt;g__Awaited|10_0(ControllerActionInvoker invoker, Task lastTask, State next, Scope scope, Object state, Boolean isCompleted)
   at Microsoft.AspNetCore.Mvc.Infrastructure.ControllerActionInvoker.Rethrow(ActionExecutedContextSealed context)
   at Microsoft.AspNetCore.Mvc.Infrastructure.ControllerActionInvoker.Next(State&amp; next, Scope&amp; scope, Object&amp; state, Boolean&amp; isCompleted)
   at Microsoft.AspNetCore.Mvc.Infrastructure.ControllerActionInvoker.&lt;InvokeInnerFilterAsync&gt;g__Awaited|13_0(ControllerActionInvoker invoker, Task lastTask, State next, Scope scope, Object state, Boolean isCompleted)
   at Microsoft.AspNetCore.Mvc.Infrastructure.ResourceInvoker.&lt;InvokeFilterPipelineAsync&gt;g__Awaited|20_0(ResourceInvoker invoker, Task lastTask, State next, Scope scope, Object state, Boolean isCompleted)
   at Microsoft.AspNetCore.Mvc.Infrastructure.ResourceInvoker.&lt;InvokeAsync&gt;g__Logged|17_1(ResourceInvoker invoker)
   at Microsoft.AspNetCore.Mvc.Infrastructure.ResourceInvoker.&lt;InvokeAsync&gt;g__Logged|17_1(ResourceInvoker invoker)
   at Microsoft.AspNetCore.Routing.EndpointMiddleware.&lt;Invoke&gt;g__AwaitRequestTask|7_0(Endpoint endpoint, Task requestTask, ILogger logger)
   at Microsoft.AspNetCore.Authorization.AuthorizationMiddleware.Invoke(HttpContext context)
   at Microsoft.AspNetCore.Authentication.AuthenticationMiddleware.Invoke(HttpContext context)
   at Swashbuckle.AspNetCore.SwaggerUI.SwaggerUIMiddleware.Invoke(HttpContext httpContext)
   at Swashbuckle.AspNetCore.Swagger.SwaggerMiddleware.Invoke(HttpContext httpContext, ISwaggerProvider swaggerProvider)
   at Microsoft.AspNetCore.Diagnostics.ExceptionHandlerMiddlewareImpl.&lt;Invoke&gt;g__Awaited|10_0(ExceptionHandlerMiddlewareImpl middleware, HttpContext context, Task task)
ClientConnectionId:50890d0f-8124-4aca-bbfd-41b64e444485
Error Number:208,State:1,Class:16
ClientConnectionId before routing:002f5713-f839-4ea8-a7ac-e5ef337f6b6c
Routing Destination:f6321a67f7db.tr7323.uksouth1-a.worker.database.windows.net,11024
</Data></EventData></Event></Events>